color,director_name,num_critic_for_reviews,duration,director_facebook_likes,actor_3_facebook_likes,actor_2_name,actor_1_facebook_likes,gross,genres,actor_1_name,movie_title,num_voted_users,cast_total_facebook_likes,actor_3_name,facenumber_in_poster,plot_keywords,movie_imdb_link,num_user_for_reviews,language,country,content_rating,budget,title_year,actor_2_facebook_likes,imdb_score,aspect_ratio,movie_facebook_likes
Color,,53,55,,2,Olaf Lubaszenko,20,447093,Drama,Krystyna Janda,DekalogÂ ,12591,25,Olgierd Lukaszewicz,0,meaning of life|moral challenge|morality|search for meaning|ten commandments,http://www.imdb.com/title/tt0092337/?ref_=fn_tt_tt_1,37,Polish,Poland,TV-MA,,,3,9.1,1.33,0
Color,,53,55,,2,Olaf Lubaszenko,20,447093,Drama,Krystyna Janda,DekalogÂ ,12591,25,Olgierd Lukaszewicz,0,meaning of life|moral challenge|morality|search for meaning|ten commandments,http://www.imdb.com/title/tt0092337/?ref_=fn_tt_tt_1,37,Polish,Poland,TV-MA,,,3,9.1,1.33,0
Color,Abel Ferrara,48,99,220,599,Vincent Gallo,812,1227324,Crime|Drama,Isabella Rossellini,The FuneralÂ ,6921,3337,Gretchen Mol,3,1930s|madness|murder|new york city|violence,http://www.imdb.com/title/tt0116378/?ref_=fn_tt_tt_1,48,English,USA,R,12500000,1996,787,6.6,1.85,344
Color,Abel Ferrara,48,99,220,599,Vincent Gallo,812,1227324,Crime|Drama,Isabella Rossellini,The FuneralÂ ,6921,3337,Gretchen Mol,3,1930s|madness|murder|new york city|violence,http://www.imdb.com/title/tt0116378/?ref_=fn_tt_tt_1,48,English,USA,R,12500000,1996,787,6.6,1.85,344
Color,Adam McKay,272,143,285,7000,Will Ferrell,11000,2175312,Comedy,Harrison Ford,Anchorman 2: The Legend ContinuesÂ ,131227,28176,Steve Carell,2,fame|father son relationship|interracial kiss|interracial relationship|interracial sex,http://www.imdb.com/title/tt1229340/?ref_=fn_tt_tt_1,346,English,USA,PG-13,50000000,2013,8000,6.3,2.35,41000
Color,Adam McKay,272,143,285,7000,Will Ferrell,11000,2175312,Comedy,Harrison Ford,Anchorman 2: The Legend ContinuesÂ ,131227,28176,Steve Carell,2,fame|father son relationship|interracial kiss|interracial relationship|interracial sex,http://www.imdb.com/title/tt1229340/?ref_=fn_tt_tt_1,346,English,USA,PG-13,50000000,2013,8000,6.3,2.35,41000
Color,Adam McKay,272,143,285,7000,Will Ferrell,11000,2175312,Comedy,Harrison Ford,Anchorman 2: The Legend ContinuesÂ ,131227,28176,Steve Carell,2,fame|father son relationship|interracial kiss|interracial relationship|interracial sex,http://www.imdb.com/title/tt1229340/?ref_=fn_tt_tt_1,346,English,USA,PG-13,50000000,2013,8000,6.3,2.35,41000
Color,Allan Arkush,19,78,13,378,Randy Quaid,753,,Comedy|Sci-Fi,Bernadette Peters,HeartbeepsÂ ,1040,2791,Christopher Guest,0,escape|fish out of water|love|robot|servant,http://www.imdb.com/title/tt0082507/?ref_=fn_tt_tt_1,31,English,USA,PG,10000000,1981,695,4.2,2.35,425
Color,Allan Arkush,19,78,13,378,Randy Quaid,753,,Comedy|Sci-Fi,Bernadette Peters,HeartbeepsÂ ,1040,2791,Christopher Guest,0,escape|fish out of water|love|robot|servant,http://www.imdb.com/title/tt0082507/?ref_=fn_tt_tt_1,31,English,USA,PG,10000000,1981,695,4.2,2.35,425
Color,Albert Hughes,208,122,117,140,Jason Flemyng,40000,31598308,Horror|Mystery|Thriller,Johnny Depp,From HellÂ ,124765,41636,Ian Richardson,1,freemason|jack the ripper|opium|prostitute|victorian era,http://www.imdb.com/title/tt0120681/?ref_=fn_tt_tt_1,541,English,USA,R,35000000,2001,1000,6.8,2.35,0
Color,Anne Fletcher,175,111,98,71,Bern Cohen,2000,76806312,Comedy|Romance,Judy Greer,27 DressesÂ ,124501,2978,Yetta Gottesman,1,boss|bridesmaid|friend|love|wedding,http://www.imdb.com/title/tt0988595/?ref_=fn_tt_tt_1,154,English,USA,PG-13,30000000,2008,805,6.1,2.35,0
Color,Anne Fletcher,175,111,98,71,Bern Cohen,2000,76806312,Comedy|Romance,Judy Greer,27 DressesÂ ,124501,2978,Yetta Gottesman,1,boss|bridesmaid|friend|love|wedding,http://www.imdb.com/title/tt0988595/?ref_=fn_tt_tt_1,154,English,USA,PG-13,30000000,2008,805,6.1,2.35,0
Color,Anne Fletcher,175,111,98,71,Bern Cohen,2000,76806312,Comedy|Romance,Judy Greer,27 DressesÂ ,124501,2978,Yetta Gottesman,1,boss|bridesmaid|friend|love|wedding,http://www.imdb.com/title/tt0988595/?ref_=fn_tt_tt_1,154,English,USA,PG-13,30000000,2008,805,6.1,2.35,0
Color,Andrew Adamson,212,90,80,21,Chris Miller,145,267652016,Adventure|Animation|Comedy|Family|Fantasy,Kathleen Freeman,ShrekÂ ,467113,275,Bobby Block,1,donkey|fairy tale|ogre|princess|swamp,http://www.imdb.com/title/tt0126029/?ref_=fn_tt_tt_1,945,English,USA,PG,60000000,2001,50,7.9,1.85,0
Color,Andrew Adamson,212,90,80,21,Chris Miller,145,267652016,Adventure|Animation|Comedy|Family|Fantasy,Kathleen Freeman,ShrekÂ ,467113,275,Bobby Block,1,donkey|fairy tale|ogre|princess|swamp,http://www.imdb.com/title/tt0126029/?ref_=fn_tt_tt_1,945,English,USA,PG,60000000,2001,50,7.9,1.85,0
Color,Andrew Adamson,212,90,80,21,Chris Miller,145,267652016,Adventure|Animation|Comedy|Family|Fantasy,Kathleen Freeman,ShrekÂ ,467113,275,Bobby Block,1,donkey|fairy tale|ogre|princess|swamp,http://www.imdb.com/title/tt0126029/?ref_=fn_tt_tt_1,945,English,USA,PG,60000000,2001,50,7.9,1.85,0
Color,Andy Tennant,91,148,72,99,Geoffrey Palmer,582,39251128,Drama|History|Romance,Bai Ling,Anna and the KingåÊ,31080,804,Randall Duk Kim,2,1860s|children|king|schoolteacher|siam,http://www.imdb.com/title/tt0166485/?ref_=fn_tt_tt_1,217,English,USA,PG-13,75000000,1999,103,6.7,2.35,0
Color,Andy Tennant,91,148,72,99,Geoffrey Palmer,582,39251128,Drama|History|Romance,Bai Ling,Anna and the KingåÊ,31080,804,Randall Duk Kim,2,1860s|children|king|schoolteacher|siam,http://www.imdb.com/title/tt0166485/?ref_=fn_tt_tt_1,217,English,USA,PG-13,75000000,1999,103,6.7,2.35,0
Color,Ariel Vromen,221,106,34,683,James Franco,11000,1939441,Biography|Crime|Drama,Chris Evans,The IcemanÂ ,55567,23187,Robert Davi,1,based on true story|contract killer|crime family|murder of a girl|serial murderer,http://www.imdb.com/title/tt1491044/?ref_=fn_tt_tt_1,144,English,USA,R,10000000,2012,11000,6.9,1.85,20000
Color,Ariel Vromen,221,106,34,683,James Franco,11000,1939441,Biography|Crime|Drama,Chris Evans,The IcemanÂ ,55567,23187,Robert Davi,1,based on true story|contract killer|crime family|murder of a girl|serial murderer,http://www.imdb.com/title/tt1491044/?ref_=fn_tt_tt_1,144,English,USA,R,10000000,2012,11000,6.9,1.85,20000
Color,Barry Levinson,132,123,272,193,BrÌ_an F. O'Byrne,13000,41523271,Comedy|Crime|Drama|Romance,Bruce Willis,BanditsåÊ,57038,13934,Azura Skye,2,bank manager|hypochondriac|love triangle|prison|television,http://www.imdb.com/title/tt0219965/?ref_=fn_tt_tt_1,261,English,USA,PG-13,80000000,2001,450,6.6,2.35,0
Color,Barry Levinson,132,123,272,193,BrÌ_an F. O'Byrne,13000,41523271,Comedy|Crime|Drama|Romance,Bruce Willis,BanditsåÊ,57038,13934,Azura Skye,2,bank manager|hypochondriac|love triangle|prison|television,http://www.imdb.com/title/tt0219965/?ref_=fn_tt_tt_1,261,English,USA,PG-13,80000000,2001,450,6.6,2.35,0
Color,Barry Sonnenfeld,55,99,188,436,Raul Julia,1000,113502246,Comedy|Fantasy,Anjelica Huston,The Addams FamilyÂ ,96607,3696,Carel Struycken,0,accountant|loan shark|macabre|uncle|uncle fester,http://www.imdb.com/title/tt0101272/?ref_=fn_tt_tt_1,125,English,USA,PG-13,38000000,1991,1000,6.8,1.85,5000
Color,Barry Sonnenfeld,55,99,188,436,Raul Julia,1000,113502246,Comedy|Fantasy,Anjelica Huston,The Addams FamilyÂ ,96607,3696,Carel Struycken,0,accountant|loan shark|macabre|uncle|uncle fester,http://www.imdb.com/title/tt0101272/?ref_=fn_tt_tt_1,125,English,USA,PG-13,38000000,1991,1000,6.8,1.85,5000
Color,Barry Sonnenfeld,55,99,188,436,Raul Julia,1000,113502246,Comedy|Fantasy,Anjelica Huston,The Addams FamilyÂ ,96607,3696,Carel Struycken,0,accountant|loan shark|macabre|uncle|uncle fester,http://www.imdb.com/title/tt0101272/?ref_=fn_tt_tt_1,125,English,USA,PG-13,38000000,1991,1000,6.8,1.85,5000
Color,Benedek Fliegauf,88,111,28,1000,Matt Smith,6000,,Drama|Romance|Sci-Fi,Eva Green,WombÂ ,9957,9244,Hannah Murray,1,clone|love|male nudity|medical ethics|virginity,http://www.imdb.com/title/tt1216520/?ref_=fn_tt_tt_1,35,English,Germany,Unrated,3660000,2010,2000,6.4,2.35,0
Color,Benedek Fliegauf,88,111,28,1000,Matt Smith,6000,,Drama|Romance|Sci-Fi,Eva Green,WombÂ ,9957,9244,Hannah Murray,1,clone|love|male nudity|medical ethics|virginity,http://www.imdb.com/title/tt1216520/?ref_=fn_tt_tt_1,35,English,Germany,Unrated,3660000,2010,2000,6.4,2.35,0
Color,Bob Odenkirk,51,93,0,622,Lee Majors,966,900926,Comedy,Jenna Fischer,The Brothers SolomonÂ ,9517,3307,Will Forte,2,antarctica|coma|neighbor|phd|pregnancy,http://www.imdb.com/title/tt0784972/?ref_=fn_tt_tt_1,46,English,USA,R,10000000,2007,799,5.3,1.85,319
Color,Bob Odenkirk,51,93,0,622,Lee Majors,966,900926,Comedy,Jenna Fischer,The Brothers SolomonÂ ,9517,3307,Will Forte,2,antarctica|coma|neighbor|phd|pregnancy,http://www.imdb.com/title/tt0784972/?ref_=fn_tt_tt_1,46,English,USA,R,10000000,2007,799,5.3,1.85,319
Color,Bobby Farrelly,155,116,101,79,Tony Cox,889,90567722,Comedy,Robert Forster,"Me, Myself & IreneÂ ",185878,1711,Rob Moran,1,dissociative identity disorder|limousine|multiple personality|police|rhode island,http://www.imdb.com/title/tt0183505/?ref_=fn_tt_tt_1,481,English,USA,R,51000000,2000,624,6.5,1.85
Color,Bobby Farrelly,155,116,101,79,Tony Cox,889,90567722,Comedy,Robert Forster,"Me, Myself & IreneÂ ",185878,1711,Rob Moran,1,dissociative identity disorder|limousine|multiple personality|police|rhode island,http://www.imdb.com/title/tt0183505/?ref_=fn_tt_tt_1,481,English,USA,R,51000000,2000,624,6.5,1.85
Color,Bobby Farrelly,155,116,101,79,Tony Cox,889,90567722,Comedy,Robert Forster,"Me, Myself & IreneÂ ",185878,1711,Rob Moran,1,dissociative identity disorder|limousine|multiple personality|police|rhode island,http://www.imdb.com/title/tt0183505/?ref_=fn_tt_tt_1,481,English,USA,R,51000000,2000,624,6.5,1.85
Color,Brian Robbins,85,106,48,39,D.B. Sweeney,18000,40219708,Drama|Sport,Keanu Reeves,HardballÂ ,22649,18630,DeWayne Warren,3,coach|gambling|housing project|little league|little league baseball,http://www.imdb.com/title/tt0180734/?ref_=fn_tt_tt_1,131,English,USA,PG-13,21000000,2001,558,6.3,1.85,0
Color,Brian Koppelman,116,90,34,506,David Costabile,966,4360548,Comedy|Drama|Romance,Jenna Fischer,Solitary ManÂ ,13371,2661,Richard Schiff,7,aging|hdtv|high definition television|love|marriage,http://www.imdb.com/title/tt1294213/?ref_=fn_tt_tt_1,60,English,USA,R,15000000,2009,681,6.4,1.85,0
Color,Brian Koppelman,116,90,34,506,David Costabile,966,4360548,Comedy|Drama|Romance,Jenna Fischer,Solitary ManÂ ,13371,2661,Richard Schiff,7,aging|hdtv|high definition television|love|marriage,http://www.imdb.com/title/tt1294213/?ref_=fn_tt_tt_1,60,English,USA,R,15000000,2009,681,6.4,1.85,0
Color,Cameron Crowe,109,139,488,597,Kelly Preston,10000,153620822,Comedy|Drama|Romance|Sport,Tom Cruise,Jerry MaguireÂ ,189923,12182,Bonnie Hunt,0,agent|career|client|fiance|sports agent,http://www.imdb.com/title/tt0116695/?ref_=fn_tt_tt_1,318,English,USA,R,50000000,1996,743,7.3,1.85,0
Color,Cameron Crowe,109,139,488,597,Kelly Preston,10000,153620822,Comedy|Drama|Romance|Sport,Tom Cruise,Jerry MaguireÂ ,189923,12182,Bonnie Hunt,0,agent|career|client|fiance|sports agent,http://www.imdb.com/title/tt0116695/?ref_=fn_tt_tt_1,318,English,USA,R,50000000,1996,743,7.3,1.85,0
Color,Cameron Crowe,109,139,488,597,Kelly Preston,10000,153620822,Comedy|Drama|Romance|Sport,Tom Cruise,Jerry MaguireÂ ,189923,12182,Bonnie Hunt,0,agent|career|client|fiance|sports agent,http://www.imdb.com/title/tt0116695/?ref_=fn_tt_tt_1,318,English,USA,R,50000000,1996,743,7.3,1.85,0
Color,Chris Wedge,193,103,77,835,Stephen Root,1000,176387405,Adventure|Animation|Comedy|Family,Goran Visnjic,Ice AgeÂ ,328159,5437,Denis Leary,0,baby|ice|ice age|sleeping|sloth,http://www.imdb.com/title/tt0268380/?ref_=fn_tt_tt_1,467,English,USA,PG,59000000,2002,939,7.6,1.85,3000
Color,Chris Wedge,193,103,77,835,Stephen Root,1000,176387405,Adventure|Animation|Comedy|Family,Goran Visnjic,Ice AgeÂ ,328159,5437,Denis Leary,0,baby|ice|ice age|sleeping|sloth,http://www.imdb.com/title/tt0268380/?ref_=fn_tt_tt_1,467,English,USA,PG,59000000,2002,939,7.6,1.85,3000
Color,Chris Wedge,193,103,77,835,Stephen Root,1000,176387405,Adventure|Animation|Comedy|Family,Goran Visnjic,Ice AgeÂ ,328159,5437,Denis Leary,0,baby|ice|ice age|sleeping|sloth,http://www.imdb.com/title/tt0268380/?ref_=fn_tt_tt_1,467,English,USA,PG,59000000,2002,939,7.6,1.85,3000
Color,Chris Weitz,299,130,129,12000,Kristen Stewart,21000,296623634,Adventure|Drama|Fantasy|Romance,Robert Pattinson,The Twilight Saga: New MoonÂ ,220758,64040,Taylor Lautner,2,forks washington|protecting a woman|title same as book|vampire|werewolf,http://www.imdb.com/title/tt1259571/?ref_=fn_tt_tt_1,919,English,USA,PG-13,50000000,2009,17000,4.6,2.35,13000
Color,Chris Weitz,299,130,129,12000,Kristen Stewart,21000,296623634,Adventure|Drama|Fantasy|Romance,Robert Pattinson,The Twilight Saga: New MoonÂ ,220758,64040,Taylor Lautner,2,forks washington|protecting a woman|title same as book|vampire|werewolf,http://www.imdb.com/title/tt1259571/?ref_=fn_tt_tt_1,919,English,USA,PG-13,50000000,2009,17000,4.6,2.35,13000
Color,Chris Weitz,299,130,129,12000,Kristen Stewart,21000,296623634,Adventure|Drama|Fantasy|Romance,Robert Pattinson,The Twilight Saga: New MoonÂ ,220758,64040,Taylor Lautner,2,forks washington|protecting a woman|title same as book|vampire|werewolf,http://www.imdb.com/title/tt1259571/?ref_=fn_tt_tt_1,919,English,USA,PG-13,50000000,2009,17000,4.6,2.35,13000
Color,Christian Alvart,219,108,22,61,Dennis Quaid,12000,10326062,Action|Horror|Mystery|Sci-Fi|Thriller,Norman Reedus,PandorumÂ ,121432,14127,Eddie Rouse,0,future|mission|space|spaceship|survival,http://www.imdb.com/title/tt1188729/?ref_=fn_tt_tt_1,310,English,Germany,R,33000000,2009,2000,6.8,2.35,10000
Color,Christian Duguay,53,93,18,443,Bridgette Wilson-Sampras,3000,4835968,Action|Adventure|Thriller,Rufus Sewell,Extreme OpsÂ ,4821,4123,Rupert Graves,0,commercial|extreme sports|mountain|serbian|terrorist,http://www.imdb.com/title/tt0283160/?ref_=fn_tt_tt_1,82,English,UK,PG-13,40000000,2002,545,4.5,2.35,158
Color,Charles Shyer,135,103,14,624,Nia Long,865,13395939,Comedy|Drama|Romance,Omar Epps,AlfieÂ ,43442,3639,Jane Krakowski,4,best friend|commitment|friend|limousine driver|one night stand,http://www.imdb.com/title/tt0375173/?ref_=fn_tt_tt_1,146,English,UK,R,60000000,2004,826,6.2,1.85,0
Color,Charles Shyer,135,103,14,624,Nia Long,865,13395939,Comedy|Drama|Romance,Omar Epps,AlfieÂ ,43442,3639,Jane Krakowski,4,best friend|commitment|friend|limousine driver|one night stand,http://www.imdb.com/title/tt0375173/?ref_=fn_tt_tt_1,146,English,UK,R,60000000,2004,826,6.2,1.85,0
Color,Clint Eastwood,43,136,16000,216,Warren Clarke,16000,46700000,Action|Adventure|Thriller,Clint Eastwood,FirefoxÂ ,19832,16805,Kenneth Colley,1,fighter plane|jet fighter|refueling|russia|soviet union,http://www.imdb.com/title/tt0083943/?ref_=fn_tt_tt_1,98,English,USA,PG,21000000,1982,281,5.9,2.35,0
Color,Clint Eastwood,229,138,16000,262,Spencer Treat Clark,616,90135191,Crime|Drama|Mystery|Thriller,John Doman,Mystic RiverÂ ,338415,1942,Tom Guiry,0,ballistics|detective|friend|gun|sexual abuse,http://www.imdb.com/title/tt0327056/?ref_=fn_tt_tt_1,935,English,USA,R,25000000,2003,541,8.0,2.35,12000
Color,Clint Eastwood,268,132,16000,567,Morgan Freeman,16000,100422786,Drama|Sport,Clint Eastwood,Million Dollar BabyÂ ,482064,28830,Mike Colter,1,boxing|boxing trainer|death|suicide attempt|women boxing,http://www.imdb.com/title/tt0405159/?ref_=fn_tt_tt_1,1106,English,USA,PG-13,30000000,2004,11000,8.1,2.35,14000
Color,Clint Eastwood,229,138,16000,262,Spencer Treat Clark,616,90135191,Crime|Drama|Mystery|Thriller,John Doman,Mystic RiverÂ ,338415,1942,Tom Guiry,0,ballistics|detective|friend|gun|sexual abuse,http://www.imdb.com/title/tt0327056/?ref_=fn_tt_tt_1,935,English,USA,R,25000000,2003,541,8.0,2.35,12000
Color,Clint Eastwood,268,132,16000,567,Morgan Freeman,16000,100422786,Drama|Sport,Clint Eastwood,Million Dollar BabyÂ ,482064,28830,Mike Colter,1,boxing|boxing trainer|death|suicide attempt|women boxing,http://www.imdb.com/title/tt0405159/?ref_=fn_tt_tt_1,1106,English,USA,PG-13,30000000,2004,11000,8.1,2.35,14000
Color,Clint Eastwood,229,138,16000,262,Spencer Treat Clark,616,90135191,Crime|Drama|Mystery|Thriller,John Doman,Mystic RiverÂ ,338415,1942,Tom Guiry,0,ballistics|detective|friend|gun|sexual abuse,http://www.imdb.com/title/tt0327056/?ref_=fn_tt_tt_1,935,English,USA,R,25000000,2003,541,8.0,2.35,12000
Color,Clint Eastwood,268,132,16000,567,Morgan Freeman,16000,100422786,Drama|Sport,Clint Eastwood,Million Dollar BabyÂ ,482064,28830,Mike Colter,1,boxing|boxing trainer|death|suicide attempt|women boxing,http://www.imdb.com/title/tt0405159/?ref_=fn_tt_tt_1,1106,English,USA,PG-13,30000000,2004,11000,8.1,2.35,14000
Color,Craig Gillespie,226,106,44,552,Kelli Garner,33000,5949693,Comedy|Drama|Romance,Ryan Gosling,Lars and the Real GirlÂ ,114762,34351,Paul Schneider,1,in love with an inanimate object|internet|introvert|psychologist|sex doll,http://www.imdb.com/title/tt0805564/?ref_=fn_tt_tt_1,299,English,USA,PG-13,12000000,2007,730,7.4,1.85,19000
Color,Craig Gillespie,226,106,44,552,Kelli Garner,33000,5949693,Comedy|Drama|Romance,Ryan Gosling,Lars and the Real GirlÂ ,114762,34351,Paul Schneider,1,in love with an inanimate object|internet|introvert|psychologist|sex doll,http://www.imdb.com/title/tt0805564/?ref_=fn_tt_tt_1,299,English,USA,PG-13,12000000,2007,730,7.4,1.85,19000
Color,Curtis Hanson,42,111,161,132,Glenn Morshower,11000,46815748,Action|Adventure|Crime|Thriller,Meryl Streep,The River WildÂ ,32544,12161,William Lucking,1,criminal|rafting|river|robber|white water rafting,http://www.imdb.com/title/tt0110997/?ref_=fn_tt_tt_1,69,English,USA,PG-13,45000000,1994,894,6.3,2.35,0
Color,Dan Fogelman,139,106,102,970,Jennifer Garner,14000,5348317,Comedy|Drama|Music,Al Pacino,Danny CollinsÂ ,20810,18712,Melissa Benoist,0,entertainer|inspiration|lost opportunity|pregnant mother|rock star,http://www.imdb.com/title/tt1772288/?ref_=fn_tt_tt_1,100,English,USA,R,10000000,2015,3000,7.1,,0
Color,Dan Fogelman,139,106,102,970,Jennifer Garner,14000,5348317,Comedy|Drama|Music,Al Pacino,Danny CollinsÂ ,20810,18712,Melissa Benoist,0,entertainer|inspiration|lost opportunity|pregnant mother|rock star,http://www.imdb.com/title/tt1772288/?ref_=fn_tt_tt_1,100,English,USA,R,10000000,2015,3000,7.1,,0
Color,David R. Ellis,127,94,160,167,Valerie Cruz,550,32003620,Action|Crime|Thriller,Richard Burgi,CellularÂ ,79141,1102,Will Beinbrink,1,cell phone|distress signal|family in danger|police|stealing a car,http://www.imdb.com/title/tt0337921/?ref_=fn_tt_tt_1,355,English,USA,PG-13,25000000,2004,216,6.5,2.35,2000
Color,David O. Russell,539,122,737,14000,Robert De Niro,34000,132088910,Comedy|Drama|Romance,Jennifer Lawrence,Silver Linings PlaybookÂ ,533607,72115,Bradley Cooper,0,adulterous wife|bipolar disorder|obsessive compulsive personality disorder|unhappy marriage|widow,http://www.imdb.com/title/tt1045658/?ref_=fn_tt_tt_1,692,English,USA,R,21000000,2012,22000,7.8,2.35,117000s
Color,David Schwimmer,168,100,0,231,Iddo Goldberg,427,5998971,Comedy|Romance|Sport,Dylan Moran,"Run, Fatboy, RunÂ ",58509,1022,India de Beaufort,0,blister|gym|marathon|training|wedding,http://www.imdb.com/title/tt0425413/?ref_=fn_tt_tt_1,143,English,UK,PG-13,,2007,269,6.6
Color,David Schwimmer,168,100,0,231,Iddo Goldberg,427,5998971,Comedy|Romance|Sport,Dylan Moran,"Run, Fatboy, RunÂ ",58509,1022,India de Beaufort,0,blister|gym|marathon|training|wedding,http://www.imdb.com/title/tt0425413/?ref_=fn_tt_tt_1,143,English,UK,PG-13,,2007,269,6.6
Color,David Fincher,216,127,21000,360,Brad Pitt,11000,100125340,Crime|Drama|Mystery|Thriller,Morgan Freeman,Se7enÂ ,1023511,22678,Reg E. Cathey,0,detective|police partner|serial killer|serial murder|seven deadly sins,http://www.imdb.com/title/tt0114369/?ref_=fn_tt_tt_1,1080,English,USA,R,33000000,1995,11000,8.6,2.35,39000
Color,David Fincher,216,127,21000,360,Brad Pitt,11000,100125340,Crime|Drama|Mystery|Thriller,Morgan Freeman,Se7enÂ ,1023511,22678,Reg E. Cathey,0,detective|police partner|serial killer|serial murder|seven deadly sins,http://www.imdb.com/title/tt0114369/?ref_=fn_tt_tt_1,1080,English,USA,R,33000000,1995,11000,8.6,2.35,39000
Color,David Fincher,216,127,21000,360,Brad Pitt,11000,100125340,Crime|Drama|Mystery|Thriller,Morgan Freeman,Se7enÂ ,1023511,22678,Reg E. Cathey,0,detective|police partner|serial killer|serial murder|seven deadly sins,http://www.imdb.com/title/tt0114369/?ref_=fn_tt_tt_1,1080,English,USA,R,33000000,1995,11000,8.6,2.35,39000
Color,David Lynch,143,112,0,201,Richard Farnsworth,874,6197866,Biography|Drama,Sissy Spacek,The Straight StoryÂ ,63733,1351,Everett McGill,0,cane|iowa|lawn mower|tractor|wisconsin,http://www.imdb.com/title/tt0166896/?ref_=fn_tt_tt_1,414,English,France,G,10000000,1999,262,8.0,2.35,0
Color,David Lynch,143,112,0,201,Richard Farnsworth,874,6197866,Biography|Drama,Sissy Spacek,The Straight StoryÂ ,63733,1351,Everett McGill,0,cane|iowa|lawn mower|tractor|wisconsin,http://www.imdb.com/title/tt0166896/?ref_=fn_tt_tt_1,414,English,France,G,10000000,1999,262,8.0,2.35,0
Color,Danny DeVito,78,89,0,500,Amber Valletta,1000,9652000,Comedy,Justin Theroux,DuplexÂ ,46205,3096,Harvey Fierstein,0,christmas|duplex|television|tenant|writer,http://www.imdb.com/title/tt0266489/?ref_=fn_tt_tt_1,147,English,USA,PG-13,40000000,2003,627,5.8,1.85,0
Color,Dennie Gordon,70,91,29,762,Bob Saget,976,14018364,Comedy|Crime|Family|Romance,Mary-Kate Olsen,New York MinuteÂ ,17722,3974,Riley Smith,1,dog|new york city|scholarship|senator|twin,http://www.imdb.com/title/tt0363282/?ref_=fn_tt_tt_1,111,English,USA,PG,30000000,2004,799,4.8,1.85,849
Color,Dennie Gordon,70,91,29,762,Bob Saget,976,14018364,Comedy|Crime|Family|Romance,Mary-Kate Olsen,New York MinuteÂ ,17722,3974,Riley Smith,1,dog|new york city|scholarship|senator|twin,http://www.imdb.com/title/tt0363282/?ref_=fn_tt_tt_1,111,English,USA,PG,30000000,2004,799,4.8,1.85,849
Color,Derrick Borte,144,96,17,688,Gary Cole,2000,1474508,Comedy|Drama,Demi Moore,The JonesesÂ ,33473,4607,Robert Pralgo,4,envy|fake family|gadget|materialism|unhappy marriage,http://www.imdb.com/title/tt1285309/?ref_=fn_tt_tt_1,88,English,USA,R,5000000,2009,989,6.5,2.35,0
Color,Derrick Borte,144,96,17,688,Gary Cole,2000,1474508,Comedy|Drama,Demi Moore,The JonesesÂ ,33473,4607,Robert Pralgo,4,envy|fake family|gadget|materialism|unhappy marriage,http://www.imdb.com/title/tt1285309/?ref_=fn_tt_tt_1,88,English,USA,R,5000000,2009,989,6.5,2.35,0
Color,Denzel Washington,121,117,18000,543,Kevin Connolly,18000,21078145,Biography|Drama,Denzel Washington,Antwone FisherÂ ,26493,20456,Derek Luke,0,black american|extortion|navy|psychiatrist|sailor,http://www.imdb.com/title/tt0168786/?ref_=fn_tt_tt_1,159,English,USA,PG-13,12500000,2002,638,7.3,2.35,0
Color,Denzel Washington,121,117,18000,543,Kevin Connolly,18000,21078145,Biography|Drama,Denzel Washington,Antwone FisherÂ ,26493,20456,Derek Luke,0,black american|extortion|navy|psychiatrist|sailor,http://www.imdb.com/title/tt0168786/?ref_=fn_tt_tt_1,159,English,USA,PG-13,12500000,2002,638,7.3,2.35,0
Color,Don Bluth,131,94,383,886,Janeane Garofalo,13000,22751979,Action|Adventure|Animation|Family|Sci-Fi,Matt Damon,Titan A.E.åÊ,52244,15857,Nathan Lane,0,alien|captain|escape|pilot|scientist,http://www.imdb.com/title/tt0120913/?ref_=fn_tt_tt_1,377,English,USA,PG,75000000,2000,1000,6.6,2.35,0
Color,Don Bluth,131,94,383,886,Janeane Garofalo,13000,22751979,Action|Adventure|Animation|Family|Sci-Fi,Matt Damon,Titan A.E.åÊ,52244,15857,Nathan Lane,0,alien|captain|escape|pilot|scientist,http://www.imdb.com/title/tt0120913/?ref_=fn_tt_tt_1,377,English,USA,PG,75000000,2000,1000,6.6,2.35,0
Color,Donald Petrie,140,116,80,651,Adam Goldberg,11000,105807520,Comedy|Romance,Matthew McConaughey,How to Lose a Guy in 10 DaysÂ ,156717,14087,Thomas Lennon,2,advertising executive|diamond|magazine|party|wager,http://www.imdb.com/title/tt0251127/?ref_=fn_tt_tt_1,357,English,USA,PG-13,50000000,2003,1000,6.4,1.85,0
Color,Donald Petrie,140,116,80,651,Adam Goldberg,11000,105807520,Comedy|Romance,Matthew McConaughey,How to Lose a Guy in 10 DaysÂ ,156717,14087,Thomas Lennon,2,advertising executive|diamond|magazine|party|wager,http://www.imdb.com/title/tt0251127/?ref_=fn_tt_tt_1,357,English,USA,PG-13,50000000,2003,1000,6.4,1.85,0
Color,Donald Petrie,140,116,80,651,Adam Goldberg,11000,105807520,Comedy|Romance,Matthew McConaughey,How to Lose a Guy in 10 DaysÂ ,156717,14087,Thomas Lennon,2,advertising executive|diamond|magazine|party|wager,http://www.imdb.com/title/tt0251127/?ref_=fn_tt_tt_1,357,English,USA,PG-13,50000000,2003,1000,6.4,1.85,0
Color,Douglas McGrath,80,132,41,1000,Anne Hathaway,16000,1309849,Drama|Romance,Charlie Hunnam,Nicholas NicklebyÂ ,9395,29177,Jim Broadbent,1,boy|boys' school|death|friend|orphan,http://www.imdb.com/title/tt0309912/?ref_=fn_tt_tt_1,103,English,UK,PG,10000000,2002,11000,7.2,2.35,0
Color,Douglas McGrath,80,132,41,1000,Anne Hathaway,16000,1309849,Drama|Romance,Charlie Hunnam,Nicholas NicklebyÂ ,9395,29177,Jim Broadbent,1,boy|boys' school|death|friend|orphan,http://www.imdb.com/title/tt0309912/?ref_=fn_tt_tt_1,103,English,UK,PG,10000000,2002,11000,7.2,2.35,0
Color,Doug Lefler,90,102,4,112,Nonso Anozie,14000,5932060,Action|Adventure|Fantasy|War,Colin Firth,The Last LegionÂ ,29285,14625,Owen Teale,0,5th century|boy|capri|roman legion|soldier,http://www.imdb.com/title/tt0462396/?ref_=fn_tt_tt_1,174,English,UK,PG-13,35000000,2007,394,5.4,2.35,0
Color,Doug Lefler,90,102,4,112,Nonso Anozie,14000,5932060,Action|Adventure|Fantasy|War,Colin Firth,The Last LegionÂ ,29285,14625,Owen Teale,0,5th century|boy|capri|roman legion|soldier,http://www.imdb.com/title/tt0462396/?ref_=fn_tt_tt_1,174,English,UK,PG-13,35000000,2007,394,5.4,2.35,0
Color,Doug Lefler,90,102,4,112,Nonso Anozie,14000,5932060,Action|Adventure|Fantasy|War,Colin Firth,The Last LegionÂ ,29285,14625,Owen Teale,0,5th century|boy|capri|roman legion|soldier,http://www.imdb.com/title/tt0462396/?ref_=fn_tt_tt_1,174,English,UK,PG-13,35000000,2007,394,5.4,2.35,0
Color,Elaine May,49,107,124,572,Warren Beatty,636,14375181,Action|Adventure|Comedy|Music|Thriller,Carol Kane,IshtarÂ ,8692,3374,Isabelle Adjani,2,cia|emir|hotel|map|morocco,http://www.imdb.com/title/tt0093278/?ref_=fn_tt_tt_1,126,English,USA,PG-13,51000000,1987,631,4.2,1.85,754
Color,Eric Bross,46,85,49,401,Tamala Jones,719,4356743,Comedy|Family|Romance,Jerry Stiller,On the LineÂ ,3662,2446,Dave Foley,2,based on short film|chicago illinois|el train|love|train,http://www.imdb.com/title/tt0279286/?ref_=fn_tt_tt_1,79,English,USA,PG,16000000,2001,405,4.1,1.85,0
Color,Eric Bross,46,85,49,401,Tamala Jones,719,4356743,Comedy|Family|Romance,Jerry Stiller,On the LineÂ ,3662,2446,Dave Foley,2,based on short film|chicago illinois|el train|love|train,http://www.imdb.com/title/tt0279286/?ref_=fn_tt_tt_1,79,English,USA,PG,16000000,2001,405,4.1,1.85,0
Color,Ethan Maniquis,391,105,20,844,Don Johnson,22000,26589953,Action|Crime|Thriller,Robert De Niro,MacheteÂ ,165792,26233,Cheech Marin,1,machete|mexican|mexico|priest|texas,http://www.imdb.com/title/tt0985694/?ref_=fn_tt_tt_1,392,English,USA,R,10500000,2010,982,6.7,1.85,44000
Color,Ethan Maniquis,391,105,20,844,Don Johnson,22000,26589953,Action|Crime|Thriller,Robert De Niro,MacheteÂ ,165792,26233,Cheech Marin,1,machete|mexican|mexico|priest|texas,http://www.imdb.com/title/tt0985694/?ref_=fn_tt_tt_1,392,English,USA,R,10500000,2010,982,6.7,1.85,44000
Color,Florent-Emilio Siri,152,113,17,759,Bruce Willis,87000,34636443,Action|Crime|Drama|Mystery|Thriller,Jimmy Bennett,HostageåÊ,93790,103354,Ransford Doherty,0,california|hostage|hostage negotiator|organized crime|police,http://www.imdb.com/title/tt0340163/?ref_=fn_tt_tt_1,288,English,USA,R,52000000,2005,13000,6.6,2.35,0
Color,Florent-Emilio Siri,152,113,17,759,Bruce Willis,87000,34636443,Action|Crime|Drama|Mystery|Thriller,Jimmy Bennett,HostageåÊ,93790,103354,Ransford Doherty,0,california|hostage|hostage negotiator|organized crime|police,http://www.imdb.com/title/tt0340163/?ref_=fn_tt_tt_1,288,English,USA,R,52000000,2005,13000,6.6,2.35,0
Color,FranÃ§ois Girard,94,130,63,2,Clotilde Mollet,24,9473382,Drama|Music|Mystery|Romance,Johannes Silberschneider,The Red ViolinÂ ,26832,29,Carlo Cecchi,3,auction|montreal|secret|violin|violinist,http://www.imdb.com/title/tt0120802/?ref_=fn_tt_tt_1,247,French,Canada,R,10000000,1998,3,7.7,1.85,0
Color,FranÃ§ois Girard,94,130,63,2,Clotilde Mollet,24,9473382,Drama|Music|Mystery|Romance,Johannes Silberschneider,The Red ViolinÂ ,26832,29,Carlo Cecchi,3,auction|montreal|secret|violin|violinist,http://www.imdb.com/title/tt0120802/?ref_=fn_tt_tt_1,247,French,Canada,R,10000000,1998,3,7.7,1.85,0
Color,Frank Coraci,173,117,153,734,Adam Sandler,35000,46280507,Comedy|Romance,Bella Thorne,BlendedÂ ,87165,49743,Joel McHale,0,blind date|children|date|daughter|son,http://www.imdb.com/title/tt1086772/?ref_=fn_tt_tt_1,184,English,USA,PG-13,40000000,2014,11000,6.5,1.85,12000
Color,Frank Oz,168,87,0,548,Ewen Bremner,22000,8579684,Comedy,Peter Dinklage,Death at a FuneralÂ ,89547,24324,Kris Marshall,0,end credits roll call|four word title|funeral|secret|uncle,http://www.imdb.com/title/tt0795368/?ref_=fn_tt_tt_1,199,English,USA,R,9000000,2007,557,7.4,1.85,0
Color,Frank Oz,25,96,0,563,Vincent Kartheiser,1000,35617599,Drama|Family|Fantasy,Steve Coogan,The Indian in the CupboardÂ ,20688,2965,David Keith,1,best friend|birthday|boy|friend|magic,http://www.imdb.com/title/tt0113419/?ref_=fn_tt_tt_1,47,English,USA,PG,45000000,1995,845,5.9,1.85,0
Color,Garry Marshall,108,111,0,529,Hector Elizondo,11000,108244774,Comedy|Family|Romance,Anne Hathaway,The Princess DiariesÂ ,94049,13645,Heather Matarazzo,2,cinderella story|fish out of water|makeover|manners|princess,http://www.imdb.com/title/tt0247638/?ref_=fn_tt_tt_1,301,English,USA,G,37000000,2001,995,6.2,1.85,0
Color,Garry Marshall,108,111,0,529,Hector Elizondo,11000,108244774,Comedy|Family|Romance,Anne Hathaway,The Princess DiariesÂ ,94049,13645,Heather Matarazzo,2,cinderella story|fish out of water|makeover|manners|princess,http://www.imdb.com/title/tt0247638/?ref_=fn_tt_tt_1,301,English,USA,G,37000000,2001,995,6.2,1.85,0
Color,Garry Marshall,108,111,0,529,Hector Elizondo,11000,108244774,Comedy|Family|Romance,Anne Hathaway,The Princess DiariesÂ ,94049,13645,Heather Matarazzo,2,cinderella story|fish out of water|makeover|manners|princess,http://www.imdb.com/title/tt0247638/?ref_=fn_tt_tt_1,301,English,USA,G,37000000,2001,995,6.2,1.85,0
Color,Garth Jennings,276,109,37,651,Kelly Macdonald,11000,51019112,Adventure|Comedy|Sci-Fi,Zooey Deschanel,The Hitchhiker's Guide to the GalaxyÂ ,155745,14073,Thomas Lennon,0,alien|friend|galaxy|hyperspace|spaceship,http://www.imdb.com/title/tt0371724/?ref_=fn_tt_tt_1,1053,English,USA,PG,50000000,2005,2000,6.8,2.35,10000
Color,Gary Fleder,83,102,39,259,Mekhi Phifer,1000,6114237,Drama|Mystery|Sci-Fi|Thriller,Gary Dourdan,ImpostorÂ ,19986,2664,Tim Guinee,4,alien|android|bomb|future|weapon,http://www.imdb.com/title/tt0160399/?ref_=fn_tt_tt_1,207,English,USA,R,40000000,2001,1000,6.2,1.85,892
Color,George Hickenlooper,117,108,60,168,Eric Schweig,18000,1039869,Biography|Comedy|Crime|Drama,Kevin Spacey,Casino JackÂ ,14757,18739,Christian Campbell,5,corruption|lobbyist|murder|washington d.c.|washington d.c. lobbyist,http://www.imdb.com/title/tt1194417/?ref_=fn_tt_tt_1,51,English,Canada,R,15000000,2010,322,6.2,2.35,085
Color,George Hickenlooper,117,108,60,168,Eric Schweig,18000,1039869,Biography|Comedy|Crime|Drama,Kevin Spacey,Casino JackÂ ,14757,18739,Christian Campbell,5,corruption|lobbyist|murder|washington d.c.|washington d.c. lobbyist,http://www.imdb.com/title/tt1194417/?ref_=fn_tt_tt_1,51,English,Canada,R,15000000,2010,322,6.2,2.35,085
Color,George Nolfi,413,106,53,593,Michael Kelly,13000,62453315,Romance|Sci-Fi|Thriller,Matt Damon,The Adjustment BureauÂ ,200035,14607,Jon Stewart,2,love at first sight|obscene finger gesture|rain|teleportation|three word title,http://www.imdb.com/title/tt1385826/?ref_=fn_tt_tt_1,407,English,USA,PG-13,50200000,2011,963,7.1,1.85,36000
Color,George Nolfi,413,106,53,593,Michael Kelly,13000,62453315,Romance|Sci-Fi|Thriller,Matt Damon,The Adjustment BureauÂ ,200035,14607,Jon Stewart,2,love at first sight|obscene finger gesture|rain|teleportation|three word title,http://www.imdb.com/title/tt1385826/?ref_=fn_tt_tt_1,407,English,USA,PG-13,50200000,2011,963,7.1,1.85,36000
Color,George Nolfi,413,106,53,593,Michael Kelly,13000,62453315,Romance|Sci-Fi|Thriller,Matt Damon,The Adjustment BureauÂ ,200035,14607,Jon Stewart,2,love at first sight|obscene finger gesture|rain|teleportation|three word title,http://www.imdb.com/title/tt1385826/?ref_=fn_tt_tt_1,407,English,USA,PG-13,50200000,2011,963,7.1,1.85,36000
Color,Gil Kenan,190,91,27,925,Jon Heder,12000,73661010,Animation|Comedy|Family|Fantasy|Mystery,Steve Buscemi,Monster HouseåÊ,71137,17299,Catherine O'Hara,0,babysitter|halloween|house|neighbor|suburb,http://www.imdb.com/title/tt0385880/?ref_=fn_tt_tt_1,229,English,USA,PG,75000000,2006,970,6.6,2.35,0
Color,Gil Kenan,190,91,27,925,Jon Heder,12000,73661010,Animation|Comedy|Family|Fantasy|Mystery,Steve Buscemi,Monster HouseåÊ,71137,17299,Catherine O'Hara,0,babysitter|halloween|house|neighbor|suburb,http://www.imdb.com/title/tt0385880/?ref_=fn_tt_tt_1,229,English,USA,PG,75000000,2006,970,6.6,2.35,0
Color,Gillian Armstrong,28,132,44,241,Richard Roxburgh,1000,1508689,Drama|Romance,Tom Wilkinson,Oscar and LucindaÂ ,5648,2004,Clive Russell,2,australia|church|glass|inheritance|wager,http://www.imdb.com/title/tt0119843/?ref_=fn_tt_tt_1,50,English,USA,R,16000000,1997,653,6.7,2.35,329
Color,Gillian Armstrong,28,132,44,241,Richard Roxburgh,1000,1508689,Drama|Romance,Tom Wilkinson,Oscar and LucindaÂ ,5648,2004,Clive Russell,2,australia|church|glass|inheritance|wager,http://www.imdb.com/title/tt0119843/?ref_=fn_tt_tt_1,50,English,USA,R,16000000,1997,653,6.7,2.35,329
Color,Guy Ritchie,362,116,0,104,Elizabeth Debicki,15000,45434443,Action|Adventure|Comedy,Henry Cavill,The Man from U.N.C.L.E.åÊ,175960,15735,Christian Berkel,2,box office flop|cia agent|criminal organization|kgb agent|nuclear bomb,http://www.imdb.com/title/tt1638355/?ref_=fn_tt_tt_1,360,English,USA,PG-13,75000000,2015,509,7.3,2.35,43000
Color,Guy Ritchie,71,89,0,119,Jeanne Tripplehorn,990,598645,Comedy|Romance,Bruce Greenwood,Swept AwayÂ ,13145,2006,David Thornton,0,island|sailor|storm|stranded|vacation,http://www.imdb.com/title/tt0291502/?ref_=fn_tt_tt_1,215,English,UK,R,10000000,2002,711,3.6,1.85,725
Color,Guy Ritchie,71,89,0,119,Jeanne Tripplehorn,990,598645,Comedy|Romance,Bruce Greenwood,Swept AwayÂ ,13145,2006,David Thornton,0,island|sailor|storm|stranded|vacation,http://www.imdb.com/title/tt0291502/?ref_=fn_tt_tt_1,215,English,UK,R,10000000,2002,711,3.6,1.85,725
Color,Guy Ritchie,362,116,0,104,Elizabeth Debicki,15000,45434443,Action|Adventure|Comedy,Henry Cavill,The Man from U.N.C.L.E.åÊ,175960,15735,Christian Berkel,2,box office flop|cia agent|criminal organization|kgb agent|nuclear bomb,http://www.imdb.com/title/tt1638355/?ref_=fn_tt_tt_1,360,English,USA,PG-13,75000000,2015,509,7.3,2.35,43000
Color,Harold Ramis,145,103,11000,636,Chazz Palminteri,22000,106694016,Comedy|Crime,Robert De Niro,Analyze ThisÂ ,123940,24333,Molly Shannon,2,analyst|mafia|patient|psychiatrist|wedding,http://www.imdb.com/title/tt0122933/?ref_=fn_tt_tt_1,337,English,USA,R,30000000,1999,979,6.7,1.85,0
Color,Harold Ramis,145,103,11000,636,Chazz Palminteri,22000,106694016,Comedy|Crime,Robert De Niro,Analyze ThisÂ ,123940,24333,Molly Shannon,2,analyst|mafia|patient|psychiatrist|wedding,http://www.imdb.com/title/tt0122933/?ref_=fn_tt_tt_1,337,English,USA,R,30000000,1999,979,6.7,1.85,0
Color,Harold Ramis,145,103,11000,636,Chazz Palminteri,22000,106694016,Comedy|Crime,Robert De Niro,Analyze ThisÂ ,123940,24333,Molly Shannon,2,analyst|mafia|patient|psychiatrist|wedding,http://www.imdb.com/title/tt0122933/?ref_=fn_tt_tt_1,337,English,USA,R,30000000,1999,979,6.7,1.85,0
Color,Henry Selick,74,93,253,637,Bridget Fonda,3000,5409517,Animation|Comedy|Fantasy,Brendan Fraser,MonkeyboneåÊ,14280,5580,Megan Mullally,0,carnival|coma|death|monkey|nightmare,http://www.imdb.com/title/tt0166276/?ref_=fn_tt_tt_1,171,English,USA,PG-13,75000000,2001,889,4.7,1.85,683
Color,Henry Selick,74,93,253,637,Bridget Fonda,3000,5409517,Animation|Comedy|Fantasy,Brendan Fraser,MonkeyboneåÊ,14280,5580,Megan Mullally,0,carnival|coma|death|monkey|nightmare,http://www.imdb.com/title/tt0166276/?ref_=fn_tt_tt_1,171,English,USA,PG-13,75000000,2001,889,4.7,1.85,683
Color,Hugh Wilson,50,103,37,452,Elizabeth Berkley,944,105444419,Comedy,Stockard Channing,The First Wives ClubÂ ,31817,3143,Stephen Collins,3,cult film|female therapist|revenge|revenge motive|therapy session,http://www.imdb.com/title/tt0116313/?ref_=fn_tt_tt_1,117,English,USA,PG,26000000,1996,893,6.2,1.85,0
Color,Hugh Wilson,50,103,37,452,Elizabeth Berkley,944,105444419,Comedy,Stockard Channing,The First Wives ClubÂ ,31817,3143,Stephen Collins,3,cult film|female therapist|revenge|revenge motive|therapy session,http://www.imdb.com/title/tt0116313/?ref_=fn_tt_tt_1,117,English,USA,PG,26000000,1996,893,6.2,1.85,0
Color,Hugh Wilson,50,103,37,452,Elizabeth Berkley,944,105444419,Comedy,Stockard Channing,The First Wives ClubÂ ,31817,3143,Stephen Collins,3,cult film|female therapist|revenge|revenge motive|therapy session,http://www.imdb.com/title/tt0116313/?ref_=fn_tt_tt_1,117,English,USA,PG,26000000,1996,893,6.2,1.85,0
Color,J.J. Abrams,539,112,14000,417,AJ Michalka,1000,126975169,Mystery|Sci-Fi|Thriller,Joel Courtney,Super 8Â ,287822,3388,Zach Mills,0,deputy|group of friends|time|train|train crash,http://www.imdb.com/title/tt1650062/?ref_=fn_tt_tt_1,849,English,USA,PG-13,50000000,2011,560,7.1,2.35,37000
Color,J.J. Abrams,539,112,14000,417,AJ Michalka,1000,126975169,Mystery|Sci-Fi|Thriller,Joel Courtney,Super 8Â ,287822,3388,Zach Mills,0,deputy|group of friends|time|train|train crash,http://www.imdb.com/title/tt1650062/?ref_=fn_tt_tt_1,849,English,USA,PG-13,50000000,2011,560,7.1,2.35,37000
Color,J.J. Abrams,539,112,14000,417,AJ Michalka,1000,126975169,Mystery|Sci-Fi|Thriller,Joel Courtney,Super 8Â ,287822,3388,Zach Mills,0,deputy|group of friends|time|train|train crash,http://www.imdb.com/title/tt1650062/?ref_=fn_tt_tt_1,849,English,USA,PG-13,50000000,2011,560,7.1,2.35,37000
Color,J.A. Bayona,371,114,171,284,Geraldine Chaplin,6000,18996755,Drama|Thriller,Naomi Watts,The ImpossibleÂ ,145270,7099,Oaklee Pendergast,0,christmas|resort|thailand|tourist|tsunami,http://www.imdb.com/title/tt1649419/?ref_=fn_tt_tt_1,322,English,Spain,PG-13,45000000,2012,382,7.6,2.35,54000
Color,Jay Duplass,182,83,157,581,Evan Ross,2000,4244155,Comedy|Drama,Judy Greer,"Jeff, Who Lives at HomeÂ ",56005,3374,Rae Dawn Chong,5,basement|errand|secret admirer|slacker|wrong number,http://www.imdb.com/title/tt1588334/?ref_=fn_tt_tt_1,112,English,USA,R,10000000,2011,616,6.5,1.85
Color,Jay Duplass,182,83,157,581,Evan Ross,2000,4244155,Comedy|Drama,Judy Greer,"Jeff, Who Lives at HomeÂ ",56005,3374,Rae Dawn Chong,5,basement|errand|secret admirer|slacker|wrong number,http://www.imdb.com/title/tt1588334/?ref_=fn_tt_tt_1,112,English,USA,R,10000000,2011,616,6.5,1.85
Color,James L. Brooks,156,139,274,285,Yeardley Smith,625,147637474,Comedy|Drama|Romance,Lupe Ontiveros,As Good as It GetsÂ ,224671,1474,Shirley Knight,0,dog|friendship|neighbor|unlikely friendship|writer,http://www.imdb.com/title/tt0119822/?ref_=fn_tt_tt_1,470,English,USA,PG-13,50000000,1997,440,7.7,1.85,11000
Color,James L. Brooks,124,131,274,138,Paz Vega,11000,42044321,Comedy|Drama|Romance,Adam Sandler,SpanglishåÊ,65668,12522,Sarah Steele,2,chef|college|housekeeper|letter|mexico,http://www.imdb.com/title/tt0371246/?ref_=fn_tt_tt_1,342,English,USA,PG-13,80000000,2004,964,6.5,1.85,0
Color,James L. Brooks,156,139,274,285,Yeardley Smith,625,147637474,Comedy|Drama|Romance,Lupe Ontiveros,As Good as It GetsÂ ,224671,1474,Shirley Knight,0,dog|friendship|neighbor|unlikely friendship|writer,http://www.imdb.com/title/tt0119822/?ref_=fn_tt_tt_1,470,English,USA,PG-13,50000000,1997,440,7.7,1.85,11000
Color,James L. Brooks,156,139,274,285,Yeardley Smith,625,147637474,Comedy|Drama|Romance,Lupe Ontiveros,As Good as It GetsÂ ,224671,1474,Shirley Knight,0,dog|friendship|neighbor|unlikely friendship|writer,http://www.imdb.com/title/tt0119822/?ref_=fn_tt_tt_1,470,English,USA,PG-13,50000000,1997,440,7.7,1.85,11000
Color,James L. Brooks,124,131,274,138,Paz Vega,11000,42044321,Comedy|Drama|Romance,Adam Sandler,SpanglishåÊ,65668,12522,Sarah Steele,2,chef|college|housekeeper|letter|mexico,http://www.imdb.com/title/tt0371246/?ref_=fn_tt_tt_1,342,English,USA,PG-13,80000000,2004,964,6.5,1.85,0
Color,James Foley,120,100,164,99,Al Pacino,18000,10725228,Crime|Drama|Mystery,Kevin Spacey,Glengarry Glen RossÂ ,75675,32288,Jude Ciccolella,1,office|pressure|real estate|robbery|sales,http://www.imdb.com/title/tt0104348/?ref_=fn_tt_tt_1,365,English,USA,R,12500000,1992,14000,7.8,2.35,0
Color,James Foley,120,100,164,99,Al Pacino,18000,10725228,Crime|Drama|Mystery,Kevin Spacey,Glengarry Glen RossÂ ,75675,32288,Jude Ciccolella,1,office|pressure|real estate|robbery|sales,http://www.imdb.com/title/tt0104348/?ref_=fn_tt_tt_1,365,English,USA,R,12500000,1992,14000,7.8,2.35,0
Color,Jason Bateman,126,89,0,322,Philip Baker Hall,628,7764027,Comedy|Drama,Beth Grant,Bad WordsÂ ,38459,2061,Patricia Belcher,0,directed by star|indian american|spelling|spelling bee|two word title,http://www.imdb.com/title/tt2170299/?ref_=fn_tt_tt_1,119,English,USA,R,10000000,2013,497,6.7,2.35,0
Color,Jason Bateman,126,89,0,322,Philip Baker Hall,628,7764027,Comedy|Drama,Beth Grant,Bad WordsÂ ,38459,2061,Patricia Belcher,0,directed by star|indian american|spelling|spelling bee|two word title,http://www.imdb.com/title/tt2170299/?ref_=fn_tt_tt_1,119,English,USA,R,10000000,2013,497,6.7,2.35,0
Color,Jean-Jacques Annaud,62,100,218,91,Everett McGill,581,,Adventure|Drama|History,Rae Dawn Chong,Quest for FireÂ ,16281,931,Gary Schwartz,0,fire|prehistoric times|primitive|tribe|trio,http://www.imdb.com/title/tt0082484/?ref_=fn_tt_tt_1,96,None,Canada,R,12500000,1981,201,7.4,2.35,0
Color,Jean-Jacques Annaud,62,100,218,91,Everett McGill,581,,Adventure|Drama|History,Rae Dawn Chong,Quest for FireÂ ,16281,931,Gary Schwartz,0,fire|prehistoric times|primitive|tribe|trio,http://www.imdb.com/title/tt0082484/?ref_=fn_tt_tt_1,96,None,Canada,R,12500000,1981,201,7.4,2.35,0
Color,Jean-Marie PoirÃ©,61,84,8,219,Matt Ross,545,4777007,Comedy|Fantasy|Sci-Fi,Bridgette Wilson-Sampras,Just VisitingÂ ,15130,1149,John Aylward,3,alternate history|alternate timeline|flatulence|future time travel|time travel comedy,http://www.imdb.com/title/tt0189192/?ref_=fn_tt_tt_1,98,English,France,PG-13,40000000,2001,248,5.8,2.35,5650
 Black and White,Jean-Pierre Jeunet,242,122,0,54,Jamel Debbouze,326,33201661,Comedy|Romance,Mathieu Kassovitz,AmÃ©lieÂ ,534262,809,Isabelle Nanty,0,cheerfulness|female protagonist|garden gnome|magical realism|waitress,http://www.imdb.com/title/tt0211915/?ref_=fn_tt_tt_1,1314,French,France,R,77000000,2001,326,8.4,2.35,39000
Color,Jerry Jameson,32,119,5,249,Jason Robards,521,7000000,Action|Adventure|Drama|Thriller,M. Emmet Walsh,Raise the TitanicÂ ,2933,1883,Anne Archer,0,military|mineral|ocean|ship|titanic,http://www.imdb.com/title/tt0081400/?ref_=fn_tt_tt_1,70,English,UK,PG,36000000,1980,372,4.7,2.35,328
Color,Jerry Zucker,53,134,109,249,Ben Cross,919,37600435,Action|Adventure|Romance|Thriller,Julia Ormond,First KnightåÊ,55350,1695,John Gielgud,3,battle|king|king arthur|knight|marriage,http://www.imdb.com/title/tt0113071/?ref_=fn_tt_tt_1,180,English,USA,PG-13,55000000,1995,303,5.9,1.85,0
Color,Jerry Zucker,53,134,109,249,Ben Cross,919,37600435,Action|Adventure|Romance|Thriller,Julia Ormond,First KnightåÊ,55350,1695,John Gielgud,3,battle|king|king arthur|knight|marriage,http://www.imdb.com/title/tt0113071/?ref_=fn_tt_tt_1,180,English,USA,PG-13,55000000,1995,303,5.9,1.85,0
Color,Jesse Dylan,94,95,58,3000,Will Ferrell,14000,52580895,Comedy|Family|Romance|Sport,Josh Hutcherson,Kicking & ScreamingÂ ,30255,27351,Robert Duvall,1,book|child|slapstick comedy|soccer|suburb,http://www.imdb.com/title/tt0384642/?ref_=fn_tt_tt_1,118,English,USA,PG,45000000,2005,8000,5.6,2.35,743
Color,Joshua Seftel,79,107,0,91,Sergej Trifunovic,603,578527,Action|Comedy|Thriller,Bashar Rahal,"War, Inc.Â ",20008,988,Ned Bellamy,3,assassin|corporation|pop star|reporter|satire,http://www.imdb.com/title/tt0884224/?ref_=fn_tt_tt_1,112,English,USA,R,10000000,2008,175,5.7,1.78
Color,Joshua Seftel,79,107,0,91,Sergej Trifunovic,603,578527,Action|Comedy|Thriller,Bashar Rahal,"War, Inc.Â ",20008,988,Ned Bellamy,3,assassin|corporation|pop star|reporter|satire,http://www.imdb.com/title/tt0884224/?ref_=fn_tt_tt_1,112,English,USA,R,10000000,2008,175,5.7,1.78
Color,Joel Zwick,59,93,38,631,Nick Zano,1000,48114556,Comedy|Family|Fantasy|Romance,Dania Ramirez,Fat AlbertÂ ,9380,4604,Alice Greczyn,1,animated sequence|junkyard|love|party|television,http://www.imdb.com/title/tt0396592/?ref_=fn_tt_tt_1,91,English,USA,PG,26000000,2004,641,4.3,2.35,531
 Black and White,John Cromwell,7,101,19,135,Mary Astor,490,,Adventure|Drama|Romance,David Niven,The Prisoner of ZendaÂ ,3256,1166,Ronald Colman,2,coronation|fictitious country|king|princess|swashbuckler,http://www.imdb.com/title/tt0029442/?ref_=fn_tt_tt_1,44,English,USA,Approved,,1937,185,7.8,1.37,337
 Black and White,John Cromwell,7,101,19,135,Mary Astor,490,,Adventure|Drama|Romance,David Niven,The Prisoner of ZendaÂ ,3256,1166,Ronald Colman,2,coronation|fictitious country|king|princess|swashbuckler,http://www.imdb.com/title/tt0029442/?ref_=fn_tt_tt_1,44,English,USA,Approved,,1937,185,7.8,1.37,337
Color,John Carpenter,40,99,0,402,Michael McKean,782,14358033,Comedy|Romance|Sci-Fi|Thriller,Richard Epcar,Memoirs of an Invisible ManÂ ,17365,2125,Patricia Heaton,2,accident|bar|chase|cia|laboratory,http://www.imdb.com/title/tt0104850/?ref_=fn_tt_tt_1,66,English,USA,PG-13,40000000,1992,658,5.9,2.35,630
Color,John Curran,138,105,43,827,Milla Jovovich,22000,1796024,Drama|Thriller,Robert De Niro,StoneÂ ,34985,37766,Frances Conroy,1,arsonist|blood splatter on face|deception|parole|parole officer,http://www.imdb.com/title/tt1423995/?ref_=fn_tt_tt_1,135,English,USA,R,22000000,2010,14000,5.4,2.35,0
Color,John Moore,114,113,212,568,Tony Curran,2000,21009180,Action|Adventure|Drama|Thriller,Dennis Quaid,Flight of the PhoenixåÊ,45815,4397,Miranda Otto,4,captain|desert|rescue|stranded|survivor,http://www.imdb.com/title/tt0377062/?ref_=fn_tt_tt_1,222,English,USA,PG-13,45000000,2004,845,6.1,2.35,1000.3
Color,John Moore,114,113,212,568,Tony Curran,2000,21009180,Action|Adventure|Drama|Thriller,Dennis Quaid,Flight of the PhoenixåÊ,45815,4397,Miranda Otto,4,captain|desert|rescue|stranded|survivor,http://www.imdb.com/title/tt0377062/?ref_=fn_tt_tt_1,222,English,USA,PG-13,45000000,2004,845,6.1,2.35,1000.3
Color,John McTiernan,104,135,323,495,Jeffrey Jones,826,122012643,Action|Adventure|Thriller,Scott Glenn,The Hunt for Red OctoberÂ ,143696,2575,Courtney B. Vance,1,analyst|defection|navy|soviet submarine|submarine,http://www.imdb.com/title/tt0099810/?ref_=fn_tt_tt_1,241,English,USA,PG,30000000,1990,692,7.6,2.35,0
Color,John McTiernan,104,135,323,495,Jeffrey Jones,826,122012643,Action|Adventure|Thriller,Scott Glenn,The Hunt for Red OctoberÂ ,143696,2575,Courtney B. Vance,1,analyst|defection|navy|soviet submarine|submarine,http://www.imdb.com/title/tt0099810/?ref_=fn_tt_tt_1,241,English,USA,PG,30000000,1990,692,7.6,2.35,0
Color,John McTiernan,104,135,323,495,Jeffrey Jones,826,122012643,Action|Adventure|Thriller,Scott Glenn,The Hunt for Red OctoberÂ ,143696,2575,Courtney B. Vance,1,analyst|defection|navy|soviet submarine|submarine,http://www.imdb.com/title/tt0099810/?ref_=fn_tt_tt_1,241,English,USA,PG,30000000,1990,692,7.6,2.35,0
Color,John Putch,23,111,60,699,Diedrich Bader,823,3333823,Drama|Mystery|Sci-Fi,Robert Picardo,Atlas Shrugged II: The StrikeÂ ,5612,5262,Esai Morales,0,box office flop|critically bashed|government|industrialist|railroad,http://www.imdb.com/title/tt1985017/?ref_=fn_tt_tt_1,122,English,USA,PG-13,10000000,2012,759,5.5,2.35,0
Color,John Putch,23,111,60,699,Diedrich Bader,823,3333823,Drama|Mystery|Sci-Fi,Robert Picardo,Atlas Shrugged II: The StrikeÂ ,5612,5262,Esai Morales,0,box office flop|critically bashed|government|industrialist|railroad,http://www.imdb.com/title/tt1985017/?ref_=fn_tt_tt_1,122,English,USA,PG-13,10000000,2012,759,5.5,2.35,0
Color,John Turturro,36,119,0,54,Ben Gazzara,816,836641,Drama,Beverly D'Angelo,IlluminataÂ ,1402,1585,George DiCenzo,0,critic|new york|new york city|playwright|theater critic,http://www.imdb.com/title/tt0120709/?ref_=fn_tt_tt_1,40,English,Spain,R,,1998,623,6.2,1.85,74
Color,John Turturro,36,119,0,54,Ben Gazzara,816,836641,Drama,Beverly D'Angelo,IlluminataÂ ,1402,1585,George DiCenzo,0,critic|new york|new york city|playwright|theater critic,http://www.imdb.com/title/tt0120709/?ref_=fn_tt_tt_1,40,English,Spain,R,,1998,623,6.2,1.85,74
Color,John Whitesell,71,93,14,728,Jorge Garcia,2000,35092918,Comedy|Family,Matthew Broderick,Deck the HallsÂ ,15740,5468,Alia Shawkat,0,christmas|december|holiday|massachusetts|neighbor,http://www.imdb.com/title/tt0790604/?ref_=fn_tt_tt_1,110,English,USA,PG,,2006,1000,4.9,1.85,1000
Color,John Whitesell,71,93,14,728,Jorge Garcia,2000,35092918,Comedy|Family,Matthew Broderick,Deck the HallsÂ ,15740,5468,Alia Shawkat,0,christmas|december|holiday|massachusetts|neighbor,http://www.imdb.com/title/tt0790604/?ref_=fn_tt_tt_1,110,English,USA,PG,,2006,1000,4.9,1.85,1000
Color,John Whitesell,71,93,14,728,Jorge Garcia,2000,35092918,Comedy|Family,Matthew Broderick,Deck the HallsÂ ,15740,5468,Alia Shawkat,0,christmas|december|holiday|massachusetts|neighbor,http://www.imdb.com/title/tt0790604/?ref_=fn_tt_tt_1,110,English,USA,PG,,2006,1000,4.9,1.85,1000
Color,John Waters,90,87,0,503,Melanie Griffith,975,1276984,Comedy|Crime|Thriller,Alicia Witt,Cecil B. DeMentedÂ ,11403,3059,Kevin Nealon,2,actress|drive in|female protagonist|movie star|woman shot in the forehead,http://www.imdb.com/title/tt0173716/?ref_=fn_tt_tt_1,150,English,France,R,10000000,2000,537,6.2,1.85,795
Color,John Waters,90,87,0,503,Melanie Griffith,975,1276984,Comedy|Crime|Thriller,Alicia Witt,Cecil B. DeMentedÂ ,11403,3059,Kevin Nealon,2,actress|drive in|female protagonist|movie star|woman shot in the forehead,http://www.imdb.com/title/tt0173716/?ref_=fn_tt_tt_1,150,English,France,R,10000000,2000,537,6.2,1.85,795
Color,Juan JosÃ© Campanella,82,106,195,0,Diego Ramos,20,,Adventure|Animation|Family|Sport,Pablo Rago,UnderdogsÂ ,6920,30,Gabriel AlmirÃ³n,4,funfair|luna park|table football|toy comes to life|wig,http://www.imdb.com/title/tt1634003/?ref_=fn_tt_tt_1,22,Spanish,Spain,PG,22000000,2013,10,6.7,2.35,0
Color,Kar-Wai Wong,192,95,0,20,Norah Jones,20000,866778,Drama|Romance,Natalie Portman,My Blueberry NightsÂ ,44208,20364,Adriane Lenox,3,blueberry pie|diner|nevada|new york city|pie,http://www.imdb.com/title/tt0765120/?ref_=fn_tt_tt_1,117,English,Hong Kong,PG-13,10000000,2007,329,6.7,2.35,0
Color,Kar-Wai Wong,192,95,0,20,Norah Jones,20000,866778,Drama|Romance,Natalie Portman,My Blueberry NightsÂ ,44208,20364,Adriane Lenox,3,blueberry pie|diner|nevada|new york city|pie,http://www.imdb.com/title/tt0765120/?ref_=fn_tt_tt_1,117,English,Hong Kong,PG-13,10000000,2007,329,6.7,2.35,0
Color,Ken Kwapis,125,107,42,171,Tim Blake Nelson,875,20113965,Biography|Drama|Romance,Ted Danson,Big MiracleÂ ,15231,1702,Andrew Daly,3,arctic circle|reporter|small town|volunteer|whale,http://www.imdb.com/title/tt1430615/?ref_=fn_tt_tt_1,66,English,USA,PG,40000000,2012,596,6.5,2.35,0
Color,Ken Kwapis,125,107,42,171,Tim Blake Nelson,875,20113965,Biography|Drama|Romance,Ted Danson,Big MiracleÂ ,15231,1702,Andrew Daly,3,arctic circle|reporter|small town|volunteer|whale,http://www.imdb.com/title/tt1430615/?ref_=fn_tt_tt_1,66,English,USA,PG,40000000,2012,596,6.5,2.35,0
Color,Kevin Reynolds,67,155,58,720,Morgan Freeman,25000,165500000,Action|Adventure|Drama|Romance,Alan Rickman,Robin Hood: Prince of ThievesÂ ,145257,38518,Michael Wincott,0,balladeer|crusades|england|king|modern minstrel,http://www.imdb.com/title/tt0102798/?ref_=fn_tt_tt_1,322,English,USA,PG-13,48000000,1991,11000,6.9,1.85,0
Color,Kevin Reynolds,67,155,58,720,Morgan Freeman,25000,165500000,Action|Adventure|Drama|Romance,Alan Rickman,Robin Hood: Prince of ThievesÂ ,145257,38518,Michael Wincott,0,balladeer|crusades|england|king|modern minstrel,http://www.imdb.com/title/tt0102798/?ref_=fn_tt_tt_1,322,English,USA,PG-13,48000000,1991,11000,6.9,1.85,0
Color,Kevin Reynolds,67,155,58,720,Morgan Freeman,25000,165500000,Action|Adventure|Drama|Romance,Alan Rickman,Robin Hood: Prince of ThievesÂ ,145257,38518,Michael Wincott,0,balladeer|crusades|england|king|modern minstrel,http://www.imdb.com/title/tt0102798/?ref_=fn_tt_tt_1,322,English,USA,PG-13,48000000,1991,11000,6.9,1.85,0
Color,Lana Wachowski,313,136,0,99,Marcus Chong,18000,171383253,Action|Sci-Fi,Keanu Reeves,The MatrixÂ ,1217752,18563,Gloria Foster,3,artificial reality|computer|matrix|questioning reality|simulated reality,http://www.imdb.com/title/tt0133093/?ref_=fn_tt_tt_1,3646,English,USA,R,63000000,1999,145,8.7,2.35,25000
Color,Lana Wachowski,313,136,0,99,Marcus Chong,18000,171383253,Action|Sci-Fi,Keanu Reeves,The MatrixÂ ,1217752,18563,Gloria Foster,3,artificial reality|computer|matrix|questioning reality|simulated reality,http://www.imdb.com/title/tt0133093/?ref_=fn_tt_tt_1,3646,English,USA,R,63000000,1999,145,8.7,2.35,25000
Color,Lana Wachowski,313,136,0,99,Marcus Chong,18000,171383253,Action|Sci-Fi,Keanu Reeves,The MatrixÂ ,1217752,18563,Gloria Foster,3,artificial reality|computer|matrix|questioning reality|simulated reality,http://www.imdb.com/title/tt0133093/?ref_=fn_tt_tt_1,3646,English,USA,R,63000000,1999,145,8.7,2.35,25000
Color,Laurent Tirard,78,120,2,80,Ludivine Sagnier,809,634277,Comedy|History,Romain Duris,MoliÃ¨reÂ ,5166,1651,Fabrice Luchini,1,deathbed|play|playwright|prison|theater,http://www.imdb.com/title/tt0796335/?ref_=fn_tt_tt_1,27,French,France,PG-13,16000000,2007,521,7.3,2.35,815
Color,Lawrence Kasdan,175,136,759,354,Michael O'Neill,11000,33685268,Drama|Horror|Sci-Fi|Thriller,Morgan Freeman,DreamcatcherÂ ,75573,12194,Reece Thompson,1,alien|friend|maine|military|woods,http://www.imdb.com/title/tt0285531/?ref_=fn_tt_tt_1,662,English,USA,R,68000000,2003,599,5.5,2.35,4000
Color,Lawrence Kasdan,175,136,759,354,Michael O'Neill,11000,33685268,Drama|Horror|Sci-Fi|Thriller,Morgan Freeman,DreamcatcherÂ ,75573,12194,Reece Thompson,1,alien|friend|maine|military|woods,http://www.imdb.com/title/tt0285531/?ref_=fn_tt_tt_1,662,English,USA,R,68000000,2003,599,5.5,2.35,4000
Color,Lawrence Kasdan,175,136,759,354,Michael O'Neill,11000,33685268,Drama|Horror|Sci-Fi|Thriller,Morgan Freeman,DreamcatcherÂ ,75573,12194,Reece Thompson,1,alien|friend|maine|military|woods,http://www.imdb.com/title/tt0285531/?ref_=fn_tt_tt_1,662,English,USA,R,68000000,2003,599,5.5,2.35,4000
Color,Lars von Trier,177,140,3000,322,Udo Kier,963,4157491,Crime|Drama|Musical,Catherine Deneuve,Dancer in the DarkÂ ,79330,2894,BjÃ¶rk,0,ends with quotation|execution|factory|women's prison|year 1964,http://www.imdb.com/title/tt0168629/?ref_=fn_tt_tt_1,690,English,Denmark,R,12800000,2000,595,8.0,2.35,0
Color,Lars von Trier,177,140,3000,322,Udo Kier,963,4157491,Crime|Drama|Musical,Catherine Deneuve,Dancer in the DarkÂ ,79330,2894,BjÃ¶rk,0,ends with quotation|execution|factory|women's prison|year 1964,http://www.imdb.com/title/tt0168629/?ref_=fn_tt_tt_1,690,English,Denmark,R,12800000,2000,595,8.0,2.35,0
Color,Lee Daniels,304,132,304,898,David Oyelowo,15000,116631310,Biography|Drama,Alex Pettyfer,Lee Daniels' The ButlerÂ ,87665,20035,Vanessa Redgrave,0,butler|civil rights|hotel|president|white house,http://www.imdb.com/title/tt1327773/?ref_=fn_tt_tt_1,323,English,USA,PG-13,30000000,2013,1000,7.2,1.85,41000
Color,Lee Daniels,304,132,304,898,David Oyelowo,15000,116631310,Biography|Drama,Alex Pettyfer,Lee Daniels' The ButlerÂ ,87665,20035,Vanessa Redgrave,0,butler|civil rights|hotel|president|white house,http://www.imdb.com/title/tt1327773/?ref_=fn_tt_tt_1,323,English,USA,PG-13,30000000,2013,1000,7.2,1.85,41000
Color,Lee Daniels,304,132,304,898,David Oyelowo,15000,116631310,Biography|Drama,Alex Pettyfer,Lee Daniels' The ButlerÂ ,87665,20035,Vanessa Redgrave,0,butler|civil rights|hotel|president|white house,http://www.imdb.com/title/tt1327773/?ref_=fn_tt_tt_1,323,English,USA,PG-13,30000000,2013,1000,7.2,1.85,41000
Color,Luca Guadagnino,181,120,64,72,Waris Ahluwalia,144,5004648,Drama|Romance,Flavio Parenti,I Am LoveÂ ,14031,474,Alba Rohrwacher,1,chef|friend|italy|restaurant|russian,http://www.imdb.com/title/tt1226236/?ref_=fn_tt_tt_1,114,Italian,Italy,R,10000000,2009,110,7.0,1.85,0
Color,Luca Guadagnino,181,120,64,72,Waris Ahluwalia,144,5004648,Drama|Romance,Flavio Parenti,I Am LoveÂ ,14031,474,Alba Rohrwacher,1,chef|friend|italy|restaurant|russian,http://www.imdb.com/title/tt1226236/?ref_=fn_tt_tt_1,114,Italian,Italy,R,10000000,2009,110,7.0,1.85,0
Color,Luis Llosa,38,110,49,20,Rod Steiger,13000,57362581,Action|Crime|Drama|Romance|Thriller,Sylvester Stallone,The SpecialistÂ ,50148,13331,Emilio Estefan Jr.,2,bomb|cia|explosive|explosives expert|miami florida,http://www.imdb.com/title/tt0111255/?ref_=fn_tt_tt_1,116,English,Peru,R,45000000,1994,279,5.4,1.85,0
Color,Malcolm D. Lee,88,100,92,706,Sean Hayes,1000,12081447,Comedy|Drama|Music,Bernie Mac,Soul MenÂ ,7794,4103,Mike Epps,2,band|masturbation|reunion|singer|tribute,http://www.imdb.com/title/tt1111948/?ref_=fn_tt_tt_1,25,English,USA,R,,2008,760,6.5,2.35,866
Color,Marcus Dunstan,147,82,87,444,Johanna Braddy,1000,6842058,Action|Horror|Thriller,Daniel Sharman,The CollectionÂ ,36029,3818,Lee Tergesen,0,booby trap|brainwashing|mercenary|serial killer|trap,http://www.imdb.com/title/tt1748227/?ref_=fn_tt_tt_1,99,English,USA,R,10000000,2012,581,6.1,2.35,14000
Color,Marcus Dunstan,147,82,87,444,Johanna Braddy,1000,6842058,Action|Horror|Thriller,Daniel Sharman,The CollectionÂ ,36029,3818,Lee Tergesen,0,booby trap|brainwashing|mercenary|serial killer|trap,http://www.imdb.com/title/tt1748227/?ref_=fn_tt_tt_1,99,English,USA,R,10000000,2012,581,6.1,2.35,14000
Color,Mark Herman,185,94,39,18,Sheila Hancock,77,9030581,Drama|War,Richard Johnson,The Boy in the Striped PajamasÂ ,132386,156,Cara Horgan,0,boy|fence|jew|nazis|poison gas,http://www.imdb.com/title/tt0914798/?ref_=fn_tt_tt_1,398,English,UK,PG-13,12500000,2008,32,7.8,1.85,38000
Color,Mark Herman,185,94,39,18,Sheila Hancock,77,9030581,Drama|War,Richard Johnson,The Boy in the Striped PajamasÂ ,132386,156,Cara Horgan,0,boy|fence|jew|nazis|poison gas,http://www.imdb.com/title/tt0914798/?ref_=fn_tt_tt_1,398,English,UK,PG-13,12500000,2008,32,7.8,1.85,38000
Color,Mark Pellington,155,117,89,442,Spencer Treat Clark,12000,24362501,Crime|Drama|Thriller,Jeff Bridges,Arlington RoadÂ ,69980,13576,Hope Davis,1,death|fbi|fbi agent|neighbor|professor,http://www.imdb.com/title/tt0137363/?ref_=fn_tt_tt_1,591,English,USA,R,21500000,1999,541,7.2,2.35,0
Color,Melville Shavelson,8,111,5,559,Tom Bosley,6000,,Comedy|Family,Lucille Ball,"Yours, Mine and OursÂ ",5888,7493,Tim Matheson,0,nurse|parent|sibling|widow|widower,http://www.imdb.com/title/tt0063829/?ref_=fn_tt_tt_1,61,English,USA,Unrated,2500000,1968,584,7.2,1.85
Color,Mic Rodgers,75,83,7,485,Daniel von Bargen,2000,10431220,Action|Sci-Fi,Michael Jai White,Universal Soldier: The ReturnÂ ,24216,4024,Xander Berkeley,0,combat|computer|general|military|reporter,http://www.imdb.com/title/tt0176269/?ref_=fn_tt_tt_1,162,English,USA,R,24000000,1999,577,4.1,1.85,401
Color,Mike Binder,91,121,57,664,Gillian Jacobs,1000,21569041,Drama,Jennifer Ehle,Black or WhiteÂ ,8058,3745,Jillian Estell,2,color in title,http://www.imdb.com/title/tt2883434/?ref_=fn_tt_tt_1,57,English,USA,PG-13,9000000,2014,837,6.6,2.35,0
Color,Mike Binder,91,121,57,664,Gillian Jacobs,1000,21569041,Drama,Jennifer Ehle,Black or WhiteÂ ,8058,3745,Jillian Estell,2,color in title,http://www.imdb.com/title/tt2883434/?ref_=fn_tt_tt_1,57,English,USA,PG-13,9000000,2014,837,6.6,2.35,0
Color,Michael Lembeck,80,104,54,775,Aisha Tyler,901,139225854,Comedy|Family|Fantasy,Judge Reinhold,The Santa Clause 2Â ,34561,5265,Eric Lloyd,0,christmas|magic|santa claus|son|toy,http://www.imdb.com/title/tt0304669/?ref_=fn_tt_tt_1,116,English,USA,G,60000000,2002,857,5.5,1.85,1000
Color,Michael Lembeck,80,104,54,775,Aisha Tyler,901,139225854,Comedy|Family|Fantasy,Judge Reinhold,The Santa Clause 2Â ,34561,5265,Eric Lloyd,0,christmas|magic|santa claus|son|toy,http://www.imdb.com/title/tt0304669/?ref_=fn_tt_tt_1,116,English,USA,G,60000000,2002,857,5.5,1.85,1000
Color,Michael Lembeck,80,104,54,775,Aisha Tyler,901,139225854,Comedy|Family|Fantasy,Judge Reinhold,The Santa Clause 2Â ,34561,5265,Eric Lloyd,0,christmas|magic|santa claus|son|toy,http://www.imdb.com/title/tt0304669/?ref_=fn_tt_tt_1,116,English,USA,G,60000000,2002,857,5.5,1.85,1000
Color,Michael Winterbottom,225,109,187,204,Ned Beatty,818,214966,Crime|Drama|Thriller,Liam Aiken,The Killer Inside MeÂ ,28483,1813,Jay R. Ferguson,0,deputy|murder|revenge|sheriff|texas,http://www.imdb.com/title/tt0954947/?ref_=fn_tt_tt_1,176,English,USA,R,13000000,2010,467,6.1,2.35,0
Color,Michael Winterbottom,225,109,187,204,Ned Beatty,818,214966,Crime|Drama|Thriller,Liam Aiken,The Killer Inside MeÂ ,28483,1813,Jay R. Ferguson,0,deputy|murder|revenge|sheriff|texas,http://www.imdb.com/title/tt0954947/?ref_=fn_tt_tt_1,176,English,USA,R,13000000,2010,467,6.1,2.35,0
Color,Michael Hoffman,83,109,97,355,Embeth Davidtz,13000,14060950,Drama,Gabriel Millman,The Emperor's ClubÂ ,14354,14347,Rob Morrow,1,classroom|fund raising|headmaster|reunion|roman,http://www.imdb.com/title/tt0283530/?ref_=fn_tt_tt_1,139,English,USA,PG-13,12500000,2002,795,6.9,1.85,0
Color,Michael Hoffman,83,109,97,355,Embeth Davidtz,13000,14060950,Drama,Gabriel Millman,The Emperor's ClubÂ ,14354,14347,Rob Morrow,1,classroom|fund raising|headmaster|reunion|roman,http://www.imdb.com/title/tt0283530/?ref_=fn_tt_tt_1,139,English,USA,PG-13,12500000,2002,795,6.9,1.85,0
Color,Nancy Meyers,149,127,278,912,Lisa Edelstein,2000,182805123,Comedy|Fantasy|Romance,Judy Greer,What Women WantÂ ,158864,5838,Loretta Devine,1,advertising|battle of the sexes|ex husband ex wife relationship|pantyhose|telepathy,http://www.imdb.com/title/tt0207201/?ref_=fn_tt_tt_1,395,English,USA,PG-13,70000000,2000,955,6.4,1.37,0
Color,Nancy Meyers,149,127,278,912,Lisa Edelstein,2000,182805123,Comedy|Fantasy|Romance,Judy Greer,What Women WantÂ ,158864,5838,Loretta Devine,1,advertising|battle of the sexes|ex husband ex wife relationship|pantyhose|telepathy,http://www.imdb.com/title/tt0207201/?ref_=fn_tt_tt_1,395,English,USA,PG-13,70000000,2000,955,6.4,1.37,0
Color,Nancy Meyers,149,127,278,912,Lisa Edelstein,2000,182805123,Comedy|Fantasy|Romance,Judy Greer,What Women WantÂ ,158864,5838,Loretta Devine,1,advertising|battle of the sexes|ex husband ex wife relationship|pantyhose|telepathy,http://www.imdb.com/title/tt0207201/?ref_=fn_tt_tt_1,395,English,USA,PG-13,70000000,2000,955,6.4,1.37,0
Color,Neill Blomkamp,472,112,662,107,Jed Brophy,2000,115646235,Action|Sci-Fi|Thriller,Sharlto Copley,District 9Â ,531737,2639,Jason Cope,0,alien|ghetto|prawn|refugee|refugee camp,http://www.imdb.com/title/tt1136608/?ref_=fn_tt_tt_1,1262,English,South Africa,R,30000000,2009,433,8.0,1.85,22000
Color,Neill Blomkamp,472,112,662,107,Jed Brophy,2000,115646235,Action|Sci-Fi|Thriller,Sharlto Copley,District 9Â ,531737,2639,Jason Cope,0,alien|ghetto|prawn|refugee|refugee camp,http://www.imdb.com/title/tt1136608/?ref_=fn_tt_tt_1,1262,English,South Africa,R,30000000,2009,433,8.0,1.85,22000
Color,Neill Blomkamp,472,112,662,107,Jed Brophy,2000,115646235,Action|Sci-Fi|Thriller,Sharlto Copley,District 9Â ,531737,2639,Jason Cope,0,alien|ghetto|prawn|refugee|refugee camp,http://www.imdb.com/title/tt1136608/?ref_=fn_tt_tt_1,1262,English,South Africa,R,30000000,2009,433,8.0,1.85,22000
Color,Nick Cassavetes,177,123,415,545,Kevin Connolly,33000,64286,Drama|Romance,Ryan Gosling,The NotebookÂ ,396396,34495,Gena Rowlands,0,class differences|letter|nursing home|second chance|summer love,http://www.imdb.com/title/tt0332280/?ref_=fn_tt_tt_1,1111,English,USA,PG-13,29000000,2004,638,7.9,2.35,57000
Color,Nick Cassavetes,177,123,415,545,Kevin Connolly,33000,64286,Drama|Romance,Ryan Gosling,The NotebookÂ ,396396,34495,Gena Rowlands,0,class differences|letter|nursing home|second chance|summer love,http://www.imdb.com/title/tt0332280/?ref_=fn_tt_tt_1,1111,English,USA,PG-13,29000000,2004,638,7.9,2.35,57000
Color,Nick Cassavetes,177,123,415,545,Kevin Connolly,33000,64286,Drama|Romance,Ryan Gosling,The NotebookÂ ,396396,34495,Gena Rowlands,0,class differences|letter|nursing home|second chance|summer love,http://www.imdb.com/title/tt0332280/?ref_=fn_tt_tt_1,1111,English,USA,PG-13,29000000,2004,638,7.9,2.35,57000
Color,Nora Ephron,153,119,0,744,Jean Stapleton,15000,115731542,Comedy|Drama|Romance,Tom Hanks,You've Got MailÂ ,151812,17768,Dave Chappelle,2,bookstore|competing businesses|instant messaging|new york city|shop owner,http://www.imdb.com/title/tt0128853/?ref_=fn_tt_tt_1,556,English,USA,PG,65000000,1998,793,6.5,1.85,06
Color,Nora Ephron,153,119,0,744,Jean Stapleton,15000,115731542,Comedy|Drama|Romance,Tom Hanks,You've Got MailÂ ,151812,17768,Dave Chappelle,2,bookstore|competing businesses|instant messaging|new york city|shop owner,http://www.imdb.com/title/tt0128853/?ref_=fn_tt_tt_1,556,English,USA,PG,65000000,1998,793,6.5,1.85,06
Color,Nora Ephron,153,119,0,744,Jean Stapleton,15000,115731542,Comedy|Drama|Romance,Tom Hanks,You've Got MailÂ ,151812,17768,Dave Chappelle,2,bookstore|competing businesses|instant messaging|new york city|shop owner,http://www.imdb.com/title/tt0128853/?ref_=fn_tt_tt_1,556,English,USA,PG,65000000,1998,793,6.5,1.85,06
 Black and White,Oliver Stone,339,141,0,404,Shea Whigham,749,47307550,Crime|Drama|Thriller,DemiÃ¡n Bichir,SavagesÂ ,104301,1948,Gary Stretch,4,arms tied overhead|damsel in distress|dea|marijuana|southern california,http://www.imdb.com/title/tt1615065/?ref_=fn_tt_tt_1,269,English,USA,R,45000000,2012,463,6.5,2.35,28000
Color,Paul Hunter,127,104,13,343,Mako,961,23020488,Action|Comedy|Fantasy,Jaime King,Bulletproof MonkÂ ,42324,2422,Victoria Smurfit,3,monastery|monk|scroll|tibetan|tibetan monk,http://www.imdb.com/title/tt0245803/?ref_=fn_tt_tt_1,180,English,USA,PG-13,52000000,2003,691,5.5,2.35,846
Color,Paul Hunter,127,104,13,343,Mako,961,23020488,Action|Comedy|Fantasy,Jaime King,Bulletproof MonkÂ ,42324,2422,Victoria Smurfit,3,monastery|monk|scroll|tibetan|tibetan monk,http://www.imdb.com/title/tt0245803/?ref_=fn_tt_tt_1,180,English,USA,PG-13,52000000,2003,691,5.5,2.35,846
Color,Paul Hunter,127,104,13,343,Mako,961,23020488,Action|Comedy|Fantasy,Jaime King,Bulletproof MonkÂ ,42324,2422,Victoria Smurfit,3,monastery|monk|scroll|tibetan|tibetan monk,http://www.imdb.com/title/tt0245803/?ref_=fn_tt_tt_1,180,English,USA,PG-13,52000000,2003,691,5.5,2.35,846
Color,Paul McGuigan,159,110,118,287,Spencer Wilding,11000,5773519,Drama|Horror|Sci-Fi|Thriller,Daniel Radcliffe,Victor FrankensteinÂ ,28618,12876,Daniel Mays,2,assistant|experiment|frankenstein|medical student|scientist,http://www.imdb.com/title/tt1976009/?ref_=fn_tt_tt_1,91,English,USA,PG-13,40000000,2015,1000,6.0,2.35,11000
Color,Paul McGuigan,159,110,118,287,Spencer Wilding,11000,5773519,Drama|Horror|Sci-Fi|Thriller,Daniel Radcliffe,Victor FrankensteinÂ ,28618,12876,Daniel Mays,2,assistant|experiment|frankenstein|medical student|scientist,http://www.imdb.com/title/tt1976009/?ref_=fn_tt_tt_1,91,English,USA,PG-13,40000000,2015,1000,6.0,2.35,11000000
Color,Paul Schrader,130,93,261,697,Ruby Dee,783,,Fantasy|Horror|Thriller,Ed Begley Jr.,Cat PeopleÂ ,14193,3700,John Heard,1,cat|cat people|leopard|love|slip the undergarment,http://www.imdb.com/title/tt0083722/?ref_=fn_tt_tt_1,106,English,USA,R,18000000,1982,782,6.1,1.85,0
Color,Paul Schrader,130,93,261,697,Ruby Dee,783,,Fantasy|Horror|Thriller,Ed Begley Jr.,Cat PeopleÂ ,14193,3700,John Heard,1,cat|cat people|leopard|love|slip the undergarment,http://www.imdb.com/title/tt0083722/?ref_=fn_tt_tt_1,106,English,USA,R,18000000,1982,782,6.1,1.85,0
Color,Paul Verhoeven,196,113,719,217,Rachel Ticotin,605,119412921,Action|Sci-Fi,Ronny Cox,Total RecallÂ ,240241,1441,Marshall Bell,0,ambiguous ending|false memory|implanted memory|memory|space colony,http://www.imdb.com/title/tt0100802/?ref_=fn_tt_tt_1,391,English,USA,R,65000000,1990,308,7.5,1.85,0
Color,Paul Verhoeven,196,113,719,217,Rachel Ticotin,605,119412921,Action|Sci-Fi,Ronny Cox,Total RecallÂ ,240241,1441,Marshall Bell,0,ambiguous ending|false memory|implanted memory|memory|space colony,http://www.imdb.com/title/tt0100802/?ref_=fn_tt_tt_1,391,English,USA,R,65000000,1990,308,7.5,1.85,0
Color,Paul Verhoeven,196,113,719,217,Rachel Ticotin,605,119412921,Action|Sci-Fi,Ronny Cox,Total RecallÂ ,240241,1441,Marshall Bell,0,ambiguous ending|false memory|implanted memory|memory|space colony,http://www.imdb.com/title/tt0100802/?ref_=fn_tt_tt_1,391,English,USA,R,65000000,1990,308,7.5,1.85,0
Color,Paul Weitz,157,109,80,835,Salma Hayek,14000,13838130,Action|Adventure|Fantasy|Thriller,Josh Hutcherson,Cirque du Freak: The Vampire's AssistantÂ ,35990,20503,Patrick Fugit,3,antidote|based on young adult novel|flyer|spider|vampire,http://www.imdb.com/title/tt0450405/?ref_=fn_tt_tt_1,157,English,USA,PG-13,40000000,2009,4000,5.9,2.35,0
Color,Paul Weitz,157,109,80,835,Salma Hayek,14000,13838130,Action|Adventure|Fantasy|Thriller,Josh Hutcherson,Cirque du Freak: The Vampire's AssistantÂ ,35990,20503,Patrick Fugit,3,antidote|based on young adult novel|flyer|spider|vampire,http://www.imdb.com/title/tt0450405/?ref_=fn_tt_tt_1,157,English,USA,PG-13,40000000,2009,4000,5.9,2.35,0
Color,Paul W.S. Anderson,67,99,545,533,Sean Pertwee,933,14567883,Action|Drama|Sci-Fi,Connie Nielsen,SoldieråÊ,44248,2542,Jason Scott Lee,1,crash survivor|planet|sergeant|soldier|survivor,http://www.imdb.com/title/tt0120157/?ref_=fn_tt_tt_1,373,English,UK,R,75000000,1998,722,6,2.35,0
Color,Paul W.S. Anderson,67,99,545,533,Sean Pertwee,933,14567883,Action|Drama|Sci-Fi,Connie Nielsen,SoldieråÊ,44248,2542,Jason Scott Lee,1,crash survivor|planet|sergeant|soldier|survivor,http://www.imdb.com/title/tt0120157/?ref_=fn_tt_tt_1,373,English,UK,R,75000000,1998,722,6,2.35,0
Color,Peter Medak,30,100,34,541,Michael Wincott,10000,3275585,Action|Crime|Drama|Thriller,Gary Oldman,Romeo Is BleedingÂ ,10735,13160,Lena Olin,1,detective|police|protection|russian|sergeant,http://www.imdb.com/title/tt0107983/?ref_=fn_tt_tt_1,88,English,UK,R,11500000,1993,721,6.6,1.85,561
Color,Peter Medak,30,100,34,541,Michael Wincott,10000,3275585,Action|Crime|Drama|Thriller,Gary Oldman,Romeo Is BleedingÂ ,10735,13160,Lena Olin,1,detective|police|protection|russian|sergeant,http://www.imdb.com/title/tt0107983/?ref_=fn_tt_tt_1,88,English,UK,R,11500000,1993,721,6.6,1.85,561
Color,Peter Segal,27,101,88,812,Bradley Whitford,957,22294341,Adventure|Comedy,Wilford Brimley,My Fellow AmericansÂ ,12278,4629,Sela Ward,3,gay pride|highway travel|president|road movie|u.s. president,http://www.imdb.com/title/tt0117119/?ref_=fn_tt_tt_1,71,English,USA,PG-13,21500000,1996,821,6.5,1.85,758
Color,Peter Chelsom,131,102,23,635,Vanessa Williams,1000,79566871,Comedy|Drama|Family|Music|Romance,Emily Osment,Hannah Montana: The MovieÂ ,31760,4516,Moises Arias,2,farm|female protagonist|hannah montana|horseback riding|overalls,http://www.imdb.com/title/tt1114677/?ref_=fn_tt_tt_1,140,English,USA,G,30000000,2009,1000,4.2,1.85,0542
Color,Peter Chelsom,131,102,23,635,Vanessa Williams,1000,79566871,Comedy|Drama|Family|Music|Romance,Emily Osment,Hannah Montana: The MovieÂ ,31760,4516,Moises Arias,2,farm|female protagonist|hannah montana|horseback riding|overalls,http://www.imdb.com/title/tt1114677/?ref_=fn_tt_tt_1,140,English,USA,G,30000000,2009,1000,4.2,1.85,0542
Color,Peter Chelsom,131,102,23,635,Vanessa Williams,1000,79566871,Comedy|Drama|Family|Music|Romance,Emily Osment,Hannah Montana: The MovieÂ ,31760,4516,Moises Arias,2,farm|female protagonist|hannah montana|horseback riding|overalls,http://www.imdb.com/title/tt1114677/?ref_=fn_tt_tt_1,140,English,USA,G,30000000,2009,1000,4.2,1.85,0542
Color,Peter Howitt,122,87,29,252,Natalie Imbruglia,427,27972410,Action|Adventure|Comedy,Kevin McNally,Johnny EnglishÂ ,114692,1461,Ben Miller,1,british|crown jewels|explosion|funeral|spy,http://www.imdb.com/title/tt0274166/?ref_=fn_tt_tt_1,285,English,UK,PG,35000000,2003,304,6.1,1.85,200004
Color,Phil Lord,330,112,97,584,Craig Roberts,17000,191616238,Action|Comedy|Crime,Channing Tatum,22 Jump StreetÂ ,258186,19428,Amber Stevens West,2,college|drugs|hidden camera|tattoo|undercover,http://www.imdb.com/title/tt2294449/?ref_=fn_tt_tt_1,322,English,USA,R,50000000,2014,920,7.1,2.35,24000003
Color,Phil Lord,330,112,97,584,Craig Roberts,17000,191616238,Action|Comedy|Crime,Channing Tatum,22 Jump StreetÂ ,258186,19428,Amber Stevens West,2,college|drugs|hidden camera|tattoo|undercover,http://www.imdb.com/title/tt2294449/?ref_=fn_tt_tt_1,322,English,USA,R,50000000,2014,920,7.1,2.35,24000003
Color,Phil Lord,330,112,97,584,Craig Roberts,17000,191616238,Action|Comedy|Crime,Channing Tatum,22 Jump StreetÂ ,258186,19428,Amber Stevens West,2,college|drugs|hidden camera|tattoo|undercover,http://www.imdb.com/title/tt2294449/?ref_=fn_tt_tt_1,322,English,USA,R,50000000,2014,920,7.1,2.35,24000003
Color,Rakesh Roshan,20,168,53,45,Rekha,307,,Action|Adventure|Romance|Sci-Fi,Naseeruddin Shah,KrrishÂ ,12411,616,Sharat Saxena,0,breaking the fourth wall|breaking the fourth wall by talking to the audience|computer|mask|singapore,http://www.imdb.com/title/tt0432637/?ref_=fn_tt_tt_1,110,Hindi,India,Not Rated,10000000,2006,200,6.3,2.35,533
Color,Rakesh Roshan,20,168,53,45,Rekha,307,,Action|Adventure|Romance|Sci-Fi,Naseeruddin Shah,KrrishÂ ,12411,616,Sharat Saxena,0,breaking the fourth wall|breaking the fourth wall by talking to the audience|computer|mask|singapore,http://www.imdb.com/title/tt0432637/?ref_=fn_tt_tt_1,110,Hindi,India,Not Rated,10000000,2006,200,6.3,2.35,533
 Black and White,Rawson Marshall Thurber,191,92,43,936,Stephen Root,989,114324072,Comedy|Sport,Gary Cole,Dodgeball: A True Underdog StoryÂ ,185338,4730,Joel David Moore,0,dodgeball|gym|las vegas|pirate|ups,http://www.imdb.com/title/tt0364725/?ref_=fn_tt_tt_1,392,English,USA,PG-13,20000000,2004,939,6.7,2.35,0
 Black and White,Rawson Marshall Thurber,191,92,43,936,Stephen Root,989,114324072,Comedy|Sport,Gary Cole,Dodgeball: A True Underdog StoryÂ ,185338,4730,Joel David Moore,0,dodgeball|gym|las vegas|pirate|ups,http://www.imdb.com/title/tt0364725/?ref_=fn_tt_tt_1,392,English,USA,PG-13,20000000,2004,939,6.7,2.35,0
 Black and White,Rawson Marshall Thurber,191,92,43,936,Stephen Root,989,114324072,Comedy|Sport,Gary Cole,Dodgeball: A True Underdog StoryÂ ,185338,4730,Joel David Moore,0,dodgeball|gym|las vegas|pirate|ups,http://www.imdb.com/title/tt0364725/?ref_=fn_tt_tt_1,392,English,USA,PG-13,20000000,2004,939,6.7,2.35,0
Color,Richard Kwietniowski,82,104,23,232,Minnie Driver,22000,1011054,Crime|Drama|Thriller,Philip Seymour Hoffman,Owning MahownyÂ ,10585,23513,Maury Chaykin,1,bank|bank fraud|bank manager|gambling|toronto,http://www.imdb.com/title/tt0285861/?ref_=fn_tt_tt_1,83,English,Canada,R,10000000,2003,893,7.2,2.35,0
Color,Richard Kwietniowski,82,104,23,232,Minnie Driver,22000,1011054,Crime|Drama|Thriller,Philip Seymour Hoffman,Owning MahownyÂ ,10585,23513,Maury Chaykin,1,bank|bank fraud|bank manager|gambling|toronto,http://www.imdb.com/title/tt0285861/?ref_=fn_tt_tt_1,83,English,Canada,R,10000000,2003,893,7.2,2.35,0
Color,Ron Shelton,132,116,41,541,Bruce Greenwood,11000,30013346,Action|Comedy|Crime|Thriller,Harrison Ford,Hollywood HomicideåÊ,31293,14028,Lena Olin,2,audition|kissing while having sex|machismo|murder|sex,http://www.imdb.com/title/tt0329717/?ref_=fn_tt_tt_1,254,English,USA,PG-13,75000000,2003,982,5.3,2.35,648
Color,Ron Shelton,48,135,41,808,Cheech Marin,982,53854588,Comedy|Drama|Romance|Sport,Don Johnson,Tin CupÂ ,37911,3648,Rene Russo,0,driving range|golf|golfer|tournament|winnebago,http://www.imdb.com/title/tt0117918/?ref_=fn_tt_tt_1,73,English,USA,R,45000000,1996,843,6.3,2.35,1000
Color,Ron Shelton,132,116,41,541,Bruce Greenwood,11000,30013346,Action|Comedy|Crime|Thriller,Harrison Ford,Hollywood HomicideåÊ,31293,14028,Lena Olin,2,audition|kissing while having sex|machismo|murder|sex,http://www.imdb.com/title/tt0329717/?ref_=fn_tt_tt_1,254,English,USA,PG-13,75000000,2003,982,5.3,2.35,648
Color,Ron Howard,159,140,2000,552,Miko Hughes,15000,172071312,Adventure|Drama|History,Tom Hanks,Apollo 13Â ,208817,17171,Kathleen Quinlan,0,cape kennedy|news footage|reference to christopher columbus|rocket|trapped in space,http://www.imdb.com/title/tt0112384/?ref_=fn_tt_tt_1,296,English,USA,PG,62000000,1995,968,7.6,2.35,5000
Color,Ron Howard,159,140,2000,552,Miko Hughes,15000,172071312,Adventure|Drama|History,Tom Hanks,Apollo 13Â ,208817,17171,Kathleen Quinlan,0,cape kennedy|news footage|reference to christopher columbus|rocket|trapped in space,http://www.imdb.com/title/tt0112384/?ref_=fn_tt_tt_1,296,English,USA,PG,62000000,1995,968,7.6,2.35,5000
Color,Ron Howard,159,140,2000,552,Miko Hughes,15000,172071312,Adventure|Drama|History,Tom Hanks,Apollo 13Â ,208817,17171,Kathleen Quinlan,0,cape kennedy|news footage|reference to christopher columbus|rocket|trapped in space,http://www.imdb.com/title/tt0112384/?ref_=fn_tt_tt_1,296,English,USA,PG,62000000,1995,968,7.6,2.35,5000
Color,Russell Mulcahy,216,94,85,443,Mike Epps,14000,50648679,Action|Horror|Sci-Fi|Thriller,Milla Jovovich,Resident Evil: ExtinctionÂ ,149549,16225,James Tumminia,1,clone|convoy|crow|desert|satellite,http://www.imdb.com/title/tt0432021/?ref_=fn_tt_tt_1,348,English,France,R,45000000,2007,706,6.3,2.35,0
Color,Scott Kalvert,38,96,9,934,James Franco,12000,6044618,Action|Crime|Drama,Norman Reedus,Deuces WildÂ ,6200,26961,Frankie Muniz,1,1950s|drug overdose|gang|gang war|new york city,http://www.imdb.com/title/tt0231448/?ref_=fn_tt_tt_1,92,English,USA,R,10000000,2002,11000,5.6,2.35,398
Color,Scott Kalvert,38,96,9,934,James Franco,12000,6044618,Action|Crime|Drama,Norman Reedus,Deuces WildÂ ,6200,26961,Frankie Muniz,1,1950s|drug overdose|gang|gang war|new york city,http://www.imdb.com/title/tt0231448/?ref_=fn_tt_tt_1,92,English,USA,R,10000000,2002,11000,5.6,2.35,398
Color,Scott Waugh,327,132,76,464,Dominic Cooper,3000,43568507,Action|Crime|Drama|Thriller,Rami Malek,Need for SpeedÂ ,136954,7081,Ramon Rodriguez,1,cross country|custom car|illegal street racing|police officer crushed|street racing,http://www.imdb.com/title/tt2369135/?ref_=fn_tt_tt_1,346,English,USA,PG-13,66000000,2014,3000,6.5,2.35,32000
Color,Scott Waugh,327,132,76,464,Dominic Cooper,3000,43568507,Action|Crime|Drama|Thriller,Rami Malek,Need for SpeedÂ ,136954,7081,Ramon Rodriguez,1,cross country|custom car|illegal street racing|police officer crushed|street racing,http://www.imdb.com/title/tt2369135/?ref_=fn_tt_tt_1,346,English,USA,PG-13,66000000,2014,3000,6.5,2.35,32000
Color,Scott Waugh,327,132,76,464,Dominic Cooper,3000,43568507,Action|Crime|Drama|Thriller,Rami Malek,Need for SpeedÂ ,136954,7081,Ramon Rodriguez,1,cross country|custom car|illegal street racing|police officer crushed|street racing,http://www.imdb.com/title/tt2369135/?ref_=fn_tt_tt_1,346,English,USA,PG-13,66000000,2014,3000,6.5,2.35,32000
Color,Scott Cooper,288,116,108,120,Sam Shepard,23000,11326836,Crime|Drama|Thriller,Christian Bale,Out of the FurnaceÂ ,83171,24134,Dendrie Taylor,0,ambiguous ending|brother brother relationship|drug dealer|fight club|revenge,http://www.imdb.com/title/tt1206543/?ref_=fn_tt_tt_1,231,English,USA,R,22000000,2013,820,6.8,2.35,17000
Color,Seth MacFarlane,457,112,3000,1000,Seth MacFarlane,15000,218628680,Comedy|Fantasy,Mila Kunis,TedÂ ,471644,21773,Tom Skerritt,1,2010s|car accident|sex scene|teddy bear|testicle,http://www.imdb.com/title/tt1637725/?ref_=fn_tt_tt_1,623,English,USA,R,50000000,2012,3000,7.0,1.85,74000
Color,Seth MacFarlane,457,112,3000,1000,Seth MacFarlane,15000,218628680,Comedy|Fantasy,Mila Kunis,TedÂ ,471644,21773,Tom Skerritt,1,2010s|car accident|sex scene|teddy bear|testicle,http://www.imdb.com/title/tt1637725/?ref_=fn_tt_tt_1,623,English,USA,R,50000000,2012,3000,7.0,1.85,74000
Color,Seth MacFarlane,457,112,3000,1000,Seth MacFarlane,15000,218628680,Comedy|Fantasy,Mila Kunis,TedÂ ,471644,21773,Tom Skerritt,1,2010s|car accident|sex scene|teddy bear|testicle,http://www.imdb.com/title/tt1637725/?ref_=fn_tt_tt_1,623,English,USA,R,50000000,2012,3000,7.0,1.85,74000
Color,Stuart Gillard,60,96,8,199,John Aylward,533,42660000,Action|Adventure|Comedy|Family|Fantasy|Sci-Fi,Paige Turco,Teenage Mutant Ninja Turtles IIIÂ ,25086,1254,Matt Hill,0,battle|japan|magic|samurai|turtle,http://www.imdb.com/title/tt0108308/?ref_=fn_tt_tt_1,87,English,USA,PG,17000000,1993,219,4.8,1.85,1000
Color,Stephen Herek,86,103,65,311,Stockard Channing,11000,14448589,Comedy|Romance,Angelina Jolie Pitt,Life or Something Like ItÂ ,19364,12566,James Gammon,2,football|homeless man|interview|psychic|reporter,http://www.imdb.com/title/tt0282687/?ref_=fn_tt_tt_1,128,English,USA,PG-13,40000000,2002,944,5.8,2.35,835
 Black and White,Stephen Chow,246,85,0,51,Karen Mok,478,488872,Action|Comedy|Sport,Wei Zhao,Shaolin SoccerÂ ,56923,700,Kwok-Kwan Chan,2,cult film|kung fu|martial arts|shaolin|soccer,http://www.imdb.com/title/tt0286112/?ref_=fn_tt_tt_1,243,Cantonese,Hong Kong,PG,10000000,2001,83,7.3,1.85,0
 Black and White,Stephen Chow,246,85,0,51,Karen Mok,478,488872,Action|Comedy|Sport,Wei Zhao,Shaolin SoccerÂ ,56923,700,Kwok-Kwan Chan,2,cult film|kung fu|martial arts|shaolin|soccer,http://www.imdb.com/title/tt0286112/?ref_=fn_tt_tt_1,243,Cantonese,Hong Kong,PG,10000000,2001,83,7.3,1.85,0
Color,Stephen Hillenburg,89,87,47,217,Bill Fagerbakke,19000,85416609,Adventure|Animation|Comedy|Family|Fantasy,Scarlett Johansson,The SpongeBob SquarePants MovieÂ ,58906,20097,Rodger Bumpass,0,based on tv series|crown|dream|king neptune|plankton,http://www.imdb.com/title/tt0345950/?ref_=fn_tt_tt_1,186,English,USA,PG,30000000,2004,542,7.0,1.85,0
Color,Stephen Hillenburg,89,87,47,217,Bill Fagerbakke,19000,85416609,Adventure|Animation|Comedy|Family|Fantasy,Scarlett Johansson,The SpongeBob SquarePants MovieÂ ,58906,20097,Rodger Bumpass,0,based on tv series|crown|dream|king neptune|plankton,http://www.imdb.com/title/tt0345950/?ref_=fn_tt_tt_1,186,English,USA,PG,30000000,2004,542,7.0,1.85,0
Color,Stephen Hillenburg,89,87,47,217,Bill Fagerbakke,19000,85416609,Adventure|Animation|Comedy|Family|Fantasy,Scarlett Johansson,The SpongeBob SquarePants MovieÂ ,58906,20097,Rodger Bumpass,0,based on tv series|crown|dream|king neptune|plankton,http://www.imdb.com/title/tt0345950/?ref_=fn_tt_tt_1,186,English,USA,PG,30000000,2004,542,7.0,1.85,0
Color,Stephen Kay,102,102,19,351,Miranda Richardson,13000,14967182,Action|Crime|Drama|Thriller,Sylvester Stallone,Get CarterÂ ,27305,14463,Lauren Lee Smith,1,affair|car crash|enforcer|funeral|murder,http://www.imdb.com/title/tt0208988/?ref_=fn_tt_tt_1,284,English,USA,R,40000000,2000,530,5.1,2.35,604
Color,Steve Oedekerk,98,90,176,523,Wanda Sykes,677,72601713,Animation|Comedy|Family,Rob Paulsen,BarnyardÂ ,21396,2055,Maurice LaMarche,1,cow|farmer|howl|howling at the moon|vegetarian,http://www.imdb.com/title/tt0414853/?ref_=fn_tt_tt_1,155,English,Germany,PG,51000000,2006,560,5.6,1.85,605
Color,Steve Oedekerk,59,90,176,460,Bob Gunton,531,108360000,Adventure|Comedy,Bruce Spence,Ace Ventura: When Nature CallsÂ ,160321,2203,Sophie Okonedo,0,africa|bat|hawaiian shirt|pregnancy|pregnant,http://www.imdb.com/title/tt0112281/?ref_=fn_tt_tt_1,178,English,USA,PG-13,30000000,1995,461,6.3,2.35,0
Color,Steve Oedekerk,98,90,176,523,Wanda Sykes,677,72601713,Animation|Comedy|Family,Rob Paulsen,BarnyardÂ ,21396,2055,Maurice LaMarche,1,cow|farmer|howl|howling at the moon|vegetarian,http://www.imdb.com/title/tt0414853/?ref_=fn_tt_tt_1,155,English,Germany,PG,51000000,2006,560,5.6,1.85,605
Color,Steve Oedekerk,98,90,176,523,Wanda Sykes,677,72601713,Animation|Comedy|Family,Rob Paulsen,BarnyardÂ ,21396,2055,Maurice LaMarche,1,cow|farmer|howl|howling at the moon|vegetarian,http://www.imdb.com/title/tt0414853/?ref_=fn_tt_tt_1,155,English,Germany,PG,51000000,2006,560,5.6,1.85,605
Color,Steve Oedekerk,59,90,176,460,Bob Gunton,531,108360000,Adventure|Comedy,Bruce Spence,Ace Ventura: When Nature CallsÂ ,160321,2203,Sophie Okonedo,0,africa|bat|hawaiian shirt|pregnancy|pregnant,http://www.imdb.com/title/tt0112281/?ref_=fn_tt_tt_1,178,English,USA,PG-13,30000000,1995,461,6.3,2.35,0
Color,Steve Oedekerk,59,90,176,460,Bob Gunton,531,108360000,Adventure|Comedy,Bruce Spence,Ace Ventura: When Nature CallsÂ ,160321,2203,Sophie Okonedo,0,africa|bat|hawaiian shirt|pregnancy|pregnant,http://www.imdb.com/title/tt0112281/?ref_=fn_tt_tt_1,178,English,USA,PG-13,30000000,1995,461,6.3,2.35,0
Color,Steven Brill,117,96,65,828,Adam Sandler,12000,126203320,Comedy|Romance,Steve Buscemi,Mr. DeedsÂ ,110432,26826,Peter Gallagher,1,abbreviation in title|reporter|small town|sudden wealth|unknowing heir,http://www.imdb.com/title/tt0280590/?ref_=fn_tt_tt_1,309,English,USA,PG-13,50000000,2002,11000,5.8,1.85,0
Color,Steven Brill,117,96,65,828,Adam Sandler,12000,126203320,Comedy|Romance,Steve Buscemi,Mr. DeedsÂ ,110432,26826,Peter Gallagher,1,abbreviation in title|reporter|small town|sudden wealth|unknowing heir,http://www.imdb.com/title/tt0280590/?ref_=fn_tt_tt_1,309,English,USA,PG-13,50000000,2002,11000,5.8,1.85,0
Color,Steven Brill,117,96,65,828,Adam Sandler,12000,126203320,Comedy|Romance,Steve Buscemi,Mr. DeedsÂ ,110432,26826,Peter Gallagher,1,abbreviation in title|reporter|small town|sudden wealth|unknowing heir,http://www.imdb.com/title/tt0280590/?ref_=fn_tt_tt_1,309,English,USA,PG-13,50000000,2002,11000,5.8,1.85,0
Color,Steven Soderbergh,169,131,0,658,Albert Finney,8000,125548685,Biography|Drama,Julia Roberts,Erin BrockovichÂ ,135246,10003,Conchata Ferrell,0,contamination|corporate crime|environmental issue|female protagonist|working single mother,http://www.imdb.com/title/tt0195685/?ref_=fn_tt_tt_1,498,English,USA,R,52000000,2000,883,7.3,1.85,0
Color,Steven Soderbergh,111,89,0,132,Lesley Ann Warren,402,3193102,Crime|Drama|Mystery|Thriller,Peter Fonda,The LimeyÂ ,24412,1335,William Lucking,0,daughter|englishman|ex con|revenge|young woman,http://www.imdb.com/title/tt0165854/?ref_=fn_tt_tt_1,240,English,USA,R,9000000,1999,296,7.1,1.85,944000000
Color,Steven Soderbergh,111,89,0,132,Lesley Ann Warren,402,3193102,Crime|Drama|Mystery|Thriller,Peter Fonda,The LimeyÂ ,24412,1335,William Lucking,0,daughter|englishman|ex con|revenge|young woman,http://www.imdb.com/title/tt0165854/?ref_=fn_tt_tt_1,240,English,USA,R,9000000,1999,296,7.1,1.85,944000000
Color,Steven Soderbergh,169,131,0,658,Albert Finney,8000,125548685,Biography|Drama,Julia Roberts,Erin BrockovichÂ ,135246,10003,Conchata Ferrell,0,contamination|corporate crime|environmental issue|female protagonist|working single mother,http://www.imdb.com/title/tt0195685/?ref_=fn_tt_tt_1,498,English,USA,R,52000000,2000,883,7.3,1.85,0
Color,Steven Soderbergh,169,131,0,658,Albert Finney,8000,125548685,Biography|Drama,Julia Roberts,Erin BrockovichÂ ,135246,10003,Conchata Ferrell,0,contamination|corporate crime|environmental issue|female protagonist|working single mother,http://www.imdb.com/title/tt0195685/?ref_=fn_tt_tt_1,498,English,USA,R,52000000,2000,883,7.3,1.85,0
Color,Steven Spielberg,219,169,14000,13000,Vin Diesel,15000,216119491,Action|Drama|War,Tom Hanks,Saving Private RyanÂ ,881236,44998,Matt Damon,2,army|invasion|killed in action|normandy|soldier,http://www.imdb.com/title/tt0120815/?ref_=fn_tt_tt_1,2277,English,USA,R,70000000,1998,14000,8.6,1.85,22000
Color,Steven Spielberg,538,150,14000,655,Hal Holbrook,23000,182204440,Biography|Drama|History|War,Joseph Gordon-Levitt,LincolnÂ ,197412,25517,Bruce McGill,0,cultural conflict|politics|president|slavery|u.s. president,http://www.imdb.com/title/tt0443272/?ref_=fn_tt_tt_1,720,English,USA,PG-13,65000000,2012,826,7.4,2.35,71000
Color,Steven Spielberg,219,169,14000,13000,Vin Diesel,15000,216119491,Action|Drama|War,Tom Hanks,Saving Private RyanÂ ,881236,44998,Matt Damon,2,army|invasion|killed in action|normandy|soldier,http://www.imdb.com/title/tt0120815/?ref_=fn_tt_tt_1,2277,English,USA,R,70000000,1998,14000,8.6,1.85,22000
Color,Steven Spielberg,538,150,14000,655,Hal Holbrook,23000,182204440,Biography|Drama|History|War,Joseph Gordon-Levitt,LincolnÂ ,197412,25517,Bruce McGill,0,cultural conflict|politics|president|slavery|u.s. president,http://www.imdb.com/title/tt0443272/?ref_=fn_tt_tt_1,720,English,USA,PG-13,65000000,2012,826,7.4,2.35,71000
Color,Steven Spielberg,219,169,14000,13000,Vin Diesel,15000,216119491,Action|Drama|War,Tom Hanks,Saving Private RyanÂ ,881236,44998,Matt Damon,2,army|invasion|killed in action|normandy|soldier,http://www.imdb.com/title/tt0120815/?ref_=fn_tt_tt_1,2277,English,USA,R,70000000,1998,14000,8.6,1.85,22000
Color,Steven Spielberg,538,150,14000,655,Hal Holbrook,23000,182204440,Biography|Drama|History|War,Joseph Gordon-Levitt,LincolnÂ ,197412,25517,Bruce McGill,0,cultural conflict|politics|president|slavery|u.s. president,http://www.imdb.com/title/tt0443272/?ref_=fn_tt_tt_1,720,English,USA,PG-13,65000000,2012,826,7.4,2.35,71000
Color,Stewart Hendler,167,101,10,472,Margo Harshman,1000,11956207,Horror|Mystery,Julian Morris,Sorority RowÂ ,24012,3142,Rumer Willis,2,prank gone wrong|scantily clad female|shotgun|sorority house|stabbed in the neck,http://www.imdb.com/title/tt1232783/?ref_=fn_tt_tt_1,126,English,USA,R,16000000,2009,668,5.1,2.35,0
Color,Stewart Hendler,167,101,10,472,Margo Harshman,1000,11956207,Horror|Mystery,Julian Morris,Sorority RowÂ ,24012,3142,Rumer Willis,2,prank gone wrong|scantily clad female|shotgun|sorority house|stabbed in the neck,http://www.imdb.com/title/tt1232783/?ref_=fn_tt_tt_1,126,English,USA,R,16000000,2009,668,5.1,2.35,0
Color,Tarsem Singh,284,110,763,222,Daniel Sharman,15000,83503161,Action|Drama|Fantasy|Romance,Henry Cavill,ImmortalsåÊ,138190,16691,Steve Byers,1,burned alive|castration|olympus|torture|torture device,http://www.imdb.com/title/tt1253864/?ref_=fn_tt_tt_1,405,English,USA,R,75000000,2011,1000,6.1,1.85,30000
Color,Tarsem Singh,284,110,763,222,Daniel Sharman,15000,83503161,Action|Drama|Fantasy|Romance,Henry Cavill,ImmortalsåÊ,138190,16691,Steve Byers,1,burned alive|castration|olympus|torture|torture device,http://www.imdb.com/title/tt1253864/?ref_=fn_tt_tt_1,405,English,USA,R,75000000,2011,1000,6.1,1.85,30000
Color,Timothy BjÃ¶rklund,33,74,0,719,Kelsey Grammer,886,6491350,Animation|Comedy|Family|Fantasy|Musical,Nathan Lane,Teacher's PetÂ ,1231,5139,Jerry Stiller,0,dog|florida|mad scientist|school|teacher,http://www.imdb.com/title/tt0350194/?ref_=fn_tt_tt_1,26,English,USA,PG,10000000,2004,808,5.8,1.85,49
Color,Timothy BjÃ¶rklund,33,74,0,719,Kelsey Grammer,886,6491350,Animation|Comedy|Family|Fantasy|Musical,Nathan Lane,Teacher's PetÂ ,1231,5139,Jerry Stiller,0,dog|florida|mad scientist|school|teacher,http://www.imdb.com/title/tt0350194/?ref_=fn_tt_tt_1,26,English,USA,PG,10000000,2004,808,5.8,1.85,49
Color,Tom Shadyac,55,115,293,878,Philip Seymour Hoffman,49000,135014968,Biography|Comedy|Drama|Romance,Robin Williams,Patch AdamsÂ ,80580,74382,Monica Potter,1,doctor|hospital|mental institution|nurse|student,http://www.imdb.com/title/tt0129290/?ref_=fn_tt_tt_1,375,English,USA,PG-13,50000000,1998,22000,6.7,2.35,0
Color,Tom Shadyac,55,115,293,878,Philip Seymour Hoffman,49000,135014968,Biography|Comedy|Drama|Romance,Robin Williams,Patch AdamsÂ ,80580,74382,Monica Potter,1,doctor|hospital|mental institution|nurse|student,http://www.imdb.com/title/tt0129290/?ref_=fn_tt_tt_1,375,English,USA,PG-13,50000000,1998,22000,6.7,2.35,0
Color,Tom Shadyac,55,115,293,878,Philip Seymour Hoffman,49000,135014968,Biography|Comedy|Drama|Romance,Robin Williams,Patch AdamsÂ ,80580,74382,Monica Potter,1,doctor|hospital|mental institution|nurse|student,http://www.imdb.com/title/tt0129290/?ref_=fn_tt_tt_1,375,English,USA,PG-13,50000000,1998,22000,6.7,2.35,0
Color,Tom Hooper,488,158,0,11000,Eddie Redmayne,20000,148775460,Drama|Musical|Romance,Hugh Jackman,Les MisÃ©rablesÂ ,243834,46204,Anne Hathaway,1,barricade|innkeeper|parole|rebellion|student,http://www.imdb.com/title/tt1707386/?ref_=fn_tt_tt_1,845,English,USA,PG-13,61000000,2012,13000,7.6,1.85,144000
Color,Tom Hooper,488,158,0,11000,Eddie Redmayne,20000,148775460,Drama|Musical|Romance,Hugh Jackman,Les MisÃ©rablesÂ ,243834,46204,Anne Hathaway,1,barricade|innkeeper|parole|rebellion|student,http://www.imdb.com/title/tt1707386/?ref_=fn_tt_tt_1,845,English,USA,PG-13,61000000,2012,13000,7.6,1.85,144000
Color,Tom Hooper,488,158,0,11000,Eddie Redmayne,20000,148775460,Drama|Musical|Romance,Hugh Jackman,Les MisÃ©rablesÂ ,243834,46204,Anne Hathaway,1,barricade|innkeeper|parole|rebellion|student,http://www.imdb.com/title/tt1707386/?ref_=fn_tt_tt_1,845,English,USA,PG-13,61000000,2012,13000,7.6,1.85,144000
Color,Tony Gilroy,299,119,209,521,Denis O'Hare,1000,49024969,Crime|Drama|Mystery|Thriller,Tom Wilkinson,Michael ClaytonÂ ,133367,3284,Sydney Pollack,0,attorney|debt|fixer|law|law firm,http://www.imdb.com/title/tt0465538/?ref_=fn_tt_tt_1,363,English,USA,R,25000000,2007,896,7.3,2.35,0
Color,Tony Scott,122,121,12000,975,Gary Oldman,11000,12281500,Action|Crime|Drama|Romance|Thriller,Brad Pitt,True RomanceÂ ,163492,23602,Michael Rapaport,3,aspiring actor|cocaine|drugs|pimp|suitcase full of money,http://www.imdb.com/title/tt0108399/?ref_=fn_tt_tt_1,460,English,USA,R,13000000,1993,10000,8.0,2.35,15000
Color,Tony Scott,122,121,12000,975,Gary Oldman,11000,12281500,Action|Crime|Drama|Romance|Thriller,Brad Pitt,True RomanceÂ ,163492,23602,Michael Rapaport,3,aspiring actor|cocaine|drugs|pimp|suitcase full of money,http://www.imdb.com/title/tt0108399/?ref_=fn_tt_tt_1,460,English,USA,R,13000000,1993,10000,8.0,2.35,15000
Color,Trey Parker,163,81,406,406,Eric Idle,893,52008288,Animation|Comedy|Fantasy|Musical,Minnie Driver,South Park: Bigger Longer & UncutÂ ,162037,3003,Trey Parker,1,boy|canada|hell|misunderstanding|refrence to liza minnelli,http://www.imdb.com/title/tt0158983/?ref_=fn_tt_tt_1,928,English,USA,R,21000000,1999,795,7.8,1.85,0
Color,Ulu Grosbard,54,106,22,613,Treat Williams,2000,13376506,Drama,Alexa PenaVega,The Deep End of the OceanÂ ,10413,4327,Jonathan Jackson,1,basketball|boy|italian|kidnapping a child|reunion,http://www.imdb.com/title/tt0120646/?ref_=fn_tt_tt_1,111,English,USA,PG-13,40000000,1999,642,6.3,1.85,579
Color,Ulu Grosbard,54,106,22,613,Treat Williams,2000,13376506,Drama,Alexa PenaVega,The Deep End of the OceanÂ ,10413,4327,Jonathan Jackson,1,basketball|boy|italian|kidnapping a child|reunion,http://www.imdb.com/title/tt0120646/?ref_=fn_tt_tt_1,111,English,USA,PG-13,40000000,1999,642,6.3,1.85,579
Color,Vincent Gallo,115,93,787,0,Cheryl Tiegs,787,365734,Drama,Vincent Gallo,The Brown BunnyÂ ,11487,883,Anna Vareschi,0,boyfriend girlfriend relationship|erection|female frontal nudity|gang rape|prostitute,http://www.imdb.com/title/tt0330099/?ref_=fn_tt_tt_1,226,English,USA,Not Rated,10000000,2003,96,5.0,1.66,952
Color,Vincent Gallo,115,93,787,0,Cheryl Tiegs,787,365734,Drama,Vincent Gallo,The Brown BunnyÂ ,11487,883,Anna Vareschi,0,boyfriend girlfriend relationship|erection|female frontal nudity|gang rape|prostitute,http://www.imdb.com/title/tt0330099/?ref_=fn_tt_tt_1,226,English,USA,Not Rated,10000000,2003,96,5.0,1.66,952
Color,Wayne Wang,99,112,61,501,Alicia Witt,1000,38360195,Adventure|Comedy|Drama,LL Cool J,Last HolidayÂ ,21215,3757,Timothy Hutton,1,chef|congressman|cook|hotel|senator,http://www.imdb.com/title/tt0408985/?ref_=fn_tt_tt_1,116,English,USA,PG-13,45000000,2006,976,6.4,2.35,0
Color,Wes Anderson,335,87,0,563,Meryl Streep,13000,20999103,Adventure|Animation|Comedy|Crime|Family,Bill Murray,Fantastic Mr. FoxÂ ,139114,24770,Helen McCrory,0,cider|farm|farmer|fox|tale,http://www.imdb.com/title/tt0432283/?ref_=fn_tt_tt_1,245,English,USA,PG,40000000,2009,11000,7.8,1.85,15000
Color,Werner Herzog,198,120,0,294,Toby Huss,23000,5484375,Adventure|Biography|Drama|War,Christian Bale,Rescue DawnÂ ,84641,24270,FranÃ§ois Chau,0,bombing|guard|jungle|laos|prisoner,http://www.imdb.com/title/tt0462504/?ref_=fn_tt_tt_1,205,English,USA,PG-13,10000000,2006,342,7.3,1.85,0
Color,Werner Herzog,198,120,0,294,Toby Huss,23000,5484375,Adventure|Biography|Drama|War,Christian Bale,Rescue DawnÂ ,84641,24270,FranÃ§ois Chau,0,bombing|guard|jungle|laos|prisoner,http://www.imdb.com/title/tt0462504/?ref_=fn_tt_tt_1,205,English,USA,PG-13,10000000,2006,342,7.3,1.85,0
Color,William Malone,104,101,37,595,Jeffrey Combs,2000,13208023,Crime|Horror|Thriller,Natascha McElhone,FeardotcomÂ ,17309,4262,Udo Kier,1,bondage gear|bound and gagged|hung by one's wrists|tied to a chair|tied to a table,http://www.imdb.com/title/tt0295254/?ref_=fn_tt_tt_1,388,English,UK,R,42000000,2002,886,3.3,2.35,612
Color,William Malone,104,101,37,595,Jeffrey Combs,2000,13208023,Crime|Horror|Thriller,Natascha McElhone,FeardotcomÂ ,17309,4262,Udo Kier,1,bondage gear|bound and gagged|hung by one's wrists|tied to a chair|tied to a table,http://www.imdb.com/title/tt0295254/?ref_=fn_tt_tt_1,388,English,UK,R,42000000,2002,886,3.3,2.35,612
Color,William Friedkin,376,98,607,251,Scott A. Martin,11000,1987762,Crime|Drama|Romance|Thriller,Matthew McConaughey,Killer JoeÂ ,59297,11853,Carol Sutton,0,female nudity|female pubic hair|lingerie|neo noir|pubic hair,http://www.imdb.com/title/tt1726669/?ref_=fn_tt_tt_1,216,English,USA,R,11000000,2011,414,6.7,1.85,12000
Color,William Friedkin,376,98,607,251,Scott A. Martin,11000,1987762,Crime|Drama|Romance|Thriller,Matthew McConaughey,Killer JoeÂ ,59297,11853,Carol Sutton,0,female nudity|female pubic hair|lingerie|neo noir|pubic hair,http://www.imdb.com/title/tt1726669/?ref_=fn_tt_tt_1,216,English,USA,R,11000000,2011,414,6.7,1.85,12000
Color,Woody Allen,275,112,11000,159,Judy Davis,385,16684352,Comedy|Romance,Ornella Muti,To Rome with LoveÂ ,67893,1205,Alessandra Mastronardi,0,architect|celebrity|prostitute|shower|tourist,http://www.imdb.com/title/tt1859650/?ref_=fn_tt_tt_1,163,English,USA,R,17000000,2012,223,6.3,1.85,18000
