Color,Michael Lembeck,80,104,54,775,Aisha Tyler,901,139225854,Comedy|Family|Fantasy,Judge Reinhold,The Santa Clause 2Â ,34561,5265,Eric Lloyd,0,christmas|magic|santa claus|son|toy,http://www.imdb.com/title/tt0304669/?ref_=fn_tt_tt_1,116,English,USA,G,60000000,2002,857,5.5,1.85,1000
Color,Douglas McGrath,80,132,41,1000,Anne Hathaway,16000,1309849,Drama|Romance,Charlie Hunnam,Nicholas NicklebyÂ ,9395,29177,Jim Broadbent,1,boy|boys' school|death|friend|orphan,http://www.imdb.com/title/tt0309912/?ref_=fn_tt_tt_1,103,English,UK,PG,10000000,2002,11000,7.2,2.35,0
Color,Steven Brill,117,96,65,828,Adam Sandler,12000,126203320,Comedy|Romance,Steve Buscemi,Mr. DeedsÂ ,110432,26826,Peter Gallagher,1,abbreviation in title|reporter|small town|sudden wealth|unknowing heir,http://www.imdb.com/title/tt0280590/?ref_=fn_tt_tt_1,309,English,USA,PG-13,50000000,2002,11000,5.8,1.85,0
Color,J.J. Abrams,539,112,14000,417,AJ Michalka,1000,126975169,Mystery|Sci-Fi|Thriller,Joel Courtney,Super 8Â ,287822,3388,Zach Mills,0,deputy|group of friends|time|train|train crash,http://www.imdb.com/title/tt1650062/?ref_=fn_tt_tt_1,849,English,USA,PG-13,50000000,2011,560,7.1,2.35,37000
Color,Steven Soderbergh,169,131,0,658,Albert Finney,8000,125548685,Biography|Drama,Julia Roberts,Erin BrockovichÂ ,135246,10003,Conchata Ferrell,0,contamination|corporate crime|environmental issue|female protagonist|working single mother,http://www.imdb.com/title/tt0195685/?ref_=fn_tt_tt_1,498,English,USA,R,52000000,2000,883,7.3,1.85,0
Color,Donald Petrie,140,116,80,651,Adam Goldberg,11000,105807520,Comedy|Romance,Matthew McConaughey,How to Lose a Guy in 10 DaysÂ ,156717,14087,Thomas Lennon,2,advertising executive|diamond|magazine|party|wager,http://www.imdb.com/title/tt0251127/?ref_=fn_tt_tt_1,357,English,USA,PG-13,50000000,2003,1000,6.4,1.85,0
Color,Michael Lembeck,80,104,54,775,Aisha Tyler,901,139225854,Comedy|Family|Fantasy,Judge Reinhold,The Santa Clause 2Â ,34561,5265,Eric Lloyd,0,christmas|magic|santa claus|son|toy,http://www.imdb.com/title/tt0304669/?ref_=fn_tt_tt_1,116,English,USA,G,60000000,2002,857,5.5,1.85,1000
Color,Douglas McGrath,80,132,41,1000,Anne Hathaway,16000,1309849,Drama|Romance,Charlie Hunnam,Nicholas NicklebyÂ ,9395,29177,Jim Broadbent,1,boy|boys' school|death|friend|orphan,http://www.imdb.com/title/tt0309912/?ref_=fn_tt_tt_1,103,English,UK,PG,10000000,2002,11000,7.2,2.35,0
Color,Steven Brill,117,96,65,828,Adam Sandler,12000,126203320,Comedy|Romance,Steve Buscemi,Mr. DeedsÂ ,110432,26826,Peter Gallagher,1,abbreviation in title|reporter|small town|sudden wealth|unknowing heir,http://www.imdb.com/title/tt0280590/?ref_=fn_tt_tt_1,309,English,USA,PG-13,50000000,2002,11000,5.8,1.85,0
Color,J.J. Abrams,539,112,14000,417,AJ Michalka,1000,126975169,Mystery|Sci-Fi|Thriller,Joel Courtney,Super 8Â ,287822,3388,Zach Mills,0,deputy|group of friends|time|train|train crash,http://www.imdb.com/title/tt1650062/?ref_=fn_tt_tt_1,849,English,USA,PG-13,50000000,2011,560,7.1,2.35,37000
Color,Steven Soderbergh,169,131,0,658,Albert Finney,8000,125548685,Biography|Drama,Julia Roberts,Erin BrockovichÂ ,135246,10003,Conchata Ferrell,0,contamination|corporate crime|environmental issue|female protagonist|working single mother,http://www.imdb.com/title/tt0195685/?ref_=fn_tt_tt_1,498,English,USA,R,52000000,2000,883,7.3,1.85,0
Color,Donald Petrie,140,116,80,651,Adam Goldberg,11000,105807520,Comedy|Romance,Matthew McConaughey,How to Lose a Guy in 10 DaysÂ ,156717,14087,Thomas Lennon,2,advertising executive|diamond|magazine|party|wager,http://www.imdb.com/title/tt0251127/?ref_=fn_tt_tt_1,357,English,USA,PG-13,50000000,2003,1000,6.4,1.85,0
Color,Steven Brill,117,96,65,828,Adam Sandler,12000,126203320,Comedy|Romance,Steve Buscemi,Mr. DeedsÂ ,110432,26826,Peter Gallagher,1,abbreviation in title|reporter|small town|sudden wealth|unknowing heir,http://www.imdb.com/title/tt0280590/?ref_=fn_tt_tt_1,309,English,USA,PG-13,50000000,2002,11000,5.8,1.85,0
Color,J.J. Abrams,539,112,14000,417,AJ Michalka,1000,126975169,Mystery|Sci-Fi|Thriller,Joel Courtney,Super 8Â ,287822,3388,Zach Mills,0,deputy|group of friends|time|train|train crash,http://www.imdb.com/title/tt1650062/?ref_=fn_tt_tt_1,849,English,USA,PG-13,50000000,2011,560,7.1,2.35,37000
Color,Steven Soderbergh,169,131,0,658,Albert Finney,8000,125548685,Biography|Drama,Julia Roberts,Erin BrockovichÂ ,135246,10003,Conchata Ferrell,0,contamination|corporate crime|environmental issue|female protagonist|working single mother,http://www.imdb.com/title/tt0195685/?ref_=fn_tt_tt_1,498,English,USA,R,52000000,2000,883,7.3,1.85,0
Color,Donald Petrie,140,116,80,651,Adam Goldberg,11000,105807520,Comedy|Romance,Matthew McConaughey,How to Lose a Guy in 10 DaysÂ ,156717,14087,Thomas Lennon,2,advertising executive|diamond|magazine|party|wager,http://www.imdb.com/title/tt0251127/?ref_=fn_tt_tt_1,357,English,USA,PG-13,50000000,2003,1000,6.4,1.85,0
Color,James Foley,120,100,164,99,Al Pacino,18000,10725228,Crime|Drama|Mystery,Kevin Spacey,Glengarry Glen RossÂ ,75675,32288,Jude Ciccolella,1,office|pressure|real estate|robbery|sales,http://www.imdb.com/title/tt0104348/?ref_=fn_tt_tt_1,365,English,USA,R,12500000,1992,14000,7.8,2.35,0
Color,James Foley,120,100,164,99,Al Pacino,18000,10725228,Crime|Drama|Mystery,Kevin Spacey,Glengarry Glen RossÂ ,75675,32288,Jude Ciccolella,1,office|pressure|real estate|robbery|sales,http://www.imdb.com/title/tt0104348/?ref_=fn_tt_tt_1,365,English,USA,R,12500000,1992,14000,7.8,2.35,0
Color,Frank Coraci,173,117,153,734,Adam Sandler,35000,46280507,Comedy|Romance,Bella Thorne,BlendedÂ ,87165,49743,Joel McHale,0,blind date|children|date|daughter|son,http://www.imdb.com/title/tt1086772/?ref_=fn_tt_tt_1,184,English,USA,PG-13,40000000,2014,11000,6.5,1.85,12000
Color,Wayne Wang,99,112,61,501,Alicia Witt,1000,38360195,Adventure|Comedy|Drama,LL Cool J,Last HolidayÂ ,21215,3757,Timothy Hutton,1,chef|congressman|cook|hotel|senator,http://www.imdb.com/title/tt0408985/?ref_=fn_tt_tt_1,116,English,USA,PG-13,45000000,2006,976,6.4,2.35,0
Color,Michael Lembeck,80,104,54,775,Aisha Tyler,901,139225854,Comedy|Family|Fantasy,Judge Reinhold,The Santa Clause 2Â ,34561,5265,Eric Lloyd,0,christmas|magic|santa claus|son|toy,http://www.imdb.com/title/tt0304669/?ref_=fn_tt_tt_1,116,English,USA,G,60000000,2002,857,5.5,1.85,1000
Color,Danny DeVito,78,89,0,500,Amber Valletta,1000,9652000,Comedy,Justin Theroux,DuplexÂ ,46205,3096,Harvey Fierstein,0,christmas|duplex|television|tenant|writer,http://www.imdb.com/title/tt0266489/?ref_=fn_tt_tt_1,147,English,USA,PG-13,40000000,2003,627,5.8,1.85,0
Color,John Turturro,36,119,0,54,Ben Gazzara,816,836641,Drama,Beverly D'Angelo,IlluminataÂ ,1402,1585,George DiCenzo,0,critic|new york|new york city|playwright|theater critic,http://www.imdb.com/title/tt0120709/?ref_=fn_tt_tt_1,40,English,Spain,R,,1998,623,6.2,1.85,74
Color,Dennie Gordon,70,91,29,762,Bob Saget,976,14018364,Comedy|Crime|Family|Romance,Mary-Kate Olsen,New York MinuteÂ ,17722,3974,Riley Smith,1,dog|new york city|scholarship|senator|twin,http://www.imdb.com/title/tt0363282/?ref_=fn_tt_tt_1,111,English,USA,PG,30000000,2004,799,4.8,1.85,849
Color,Barry Levinson,132,123,272,193,BrÌ_an F. O'Byrne,13000,41523271,Comedy|Crime|Drama|Romance,Bruce Willis,BanditsåÊ,57038,13934,Azura Skye,2,bank manager|hypochondriac|love triangle|prison|television,http://www.imdb.com/title/tt0219965/?ref_=fn_tt_tt_1,261,English,USA,PG-13,80000000,2001,450,6.6,2.35,0
Color,Jerry Zucker,53,134,109,249,Ben Cross,919,37600435,Action|Adventure|Romance|Thriller,Julia Ormond,First KnightåÊ,55350,1695,John Gielgud,3,battle|king|king arthur|knight|marriage,http://www.imdb.com/title/tt0113071/?ref_=fn_tt_tt_1,180,English,USA,PG-13,55000000,1995,303,5.9,1.85,0
Color,Florent-Emilio Siri,152,113,17,759,Bruce Willis,87000,34636443,Action|Crime|Drama|Mystery|Thriller,Jimmy Bennett,HostageåÊ,93790,103354,Ransford Doherty,0,california|hostage|hostage negotiator|organized crime|police,http://www.imdb.com/title/tt0340163/?ref_=fn_tt_tt_1,288,English,USA,R,52000000,2005,13000,6.6,2.35,0
Color,Ron Shelton,132,116,41,541,Bruce Greenwood,11000,30013346,Action|Comedy|Crime|Thriller,Harrison Ford,Hollywood HomicideåÊ,31293,14028,Lena Olin,2,audition|kissing while having sex|machismo|murder|sex,http://www.imdb.com/title/tt0329717/?ref_=fn_tt_tt_1,254,English,USA,PG-13,75000000,2003,982,5.3,2.35,648
Color,Henry Selick,74,93,253,637,Bridget Fonda,3000,5409517,Animation|Comedy|Fantasy,Brendan Fraser,MonkeyboneåÊ,14280,5580,Megan Mullally,0,carnival|coma|death|monkey|nightmare,http://www.imdb.com/title/tt0166276/?ref_=fn_tt_tt_1,171,English,USA,PG-13,75000000,2001,889,4.7,1.85,683
Color,John Turturro,36,119,0,54,Ben Gazzara,816,836641,Drama,Beverly D'Angelo,IlluminataÂ ,1402,1585,George DiCenzo,0,critic|new york|new york city|playwright|theater critic,http://www.imdb.com/title/tt0120709/?ref_=fn_tt_tt_1,40,English,Spain,R,,1998,623,6.2,1.85,74
3000,4835968,Action|Adventure|Thriller,Rufus Sewell,Extreme OpsÂ ,4821,4123,Rupert Graves,0,commercial|extreme sports|mountain|serbian|terrorist,http://www.imdb.com/title/tt0283160/?ref_=fn_tt_tt_1,82,English,UK,PG-13,40000000,2002,545,4.5,2.35,158
Color,Vincent Gallo,115,93,787,0,Cheryl Tiegs,787,365734,Drama,Vincent Gallo,The Brown BunnyÂ ,11487,883,Anna Vareschi,0,boyfriend girlfriend relationship|erection|female frontal nudity|gang rape|prostitute,http://www.imdb.com/title/tt0330099/?ref_=fn_tt_tt_1,226,English,USA,Not Rated,10000000,2003,96,5.0,1.66,952
Color,Andrew Adamson,212,90,80,21,Chris Miller,145,267652016,Adventure|Animation|Comedy|Family|Fantasy,Kathleen Freeman,ShrekÂ ,467113,275,Bobby Block,1,donkey|fairy tale|ogre|princess|swamp,http://www.imdb.com/title/tt0126029/?ref_=fn_tt_tt_1,945,English,USA,PG,60000000,2001,50,7.9,1.85,0
Color,Phil Lord,330,112,97,584,Craig Roberts,17000,191616238,Action|Comedy|Crime,Channing Tatum,22 Jump StreetÂ ,258186,19428,Amber Stevens West,2,college|drugs|hidden camera|tattoo|undercover,http://www.imdb.com/title/tt2294449/?ref_=fn_tt_tt_1,322,English,USA,R,50000000,2014,920,7.1,2.35,24000003
Color,FranÃ§ois Girard,94,130,63,2,Clotilde Mollet,24,9473382,Drama|Music|Mystery|Romance,Johannes Silberschneider,The Red ViolinÂ ,26832,29,Carlo Cecchi,3,auction|montreal|secret|violin|violinist,http://www.imdb.com/title/tt0120802/?ref_=fn_tt_tt_1,247,French,Canada,R,10000000,1998,3,7.7,1.85,0
Color,Vincent Gallo,115,93,787,0,Cheryl Tiegs,787,365734,Drama,Vincent Gallo,The Brown BunnyÂ ,11487,883,Anna Vareschi,0,boyfriend girlfriend relationship|erection|female frontal nudity|gang rape|prostitute,http://www.imdb.com/title/tt0330099/?ref_=fn_tt_tt_1,226,English,USA,Not Rated,10000000,2003,96,5.0,1.66,952
Color,Andrew Adamson,212,90,80,21,Chris Miller,145,267652016,Adventure|Animation|Comedy|Family|Fantasy,Kathleen Freeman,ShrekÂ ,467113,275,Bobby Block,1,donkey|fairy tale|ogre|princess|swamp,http://www.imdb.com/title/tt0126029/?ref_=fn_tt_tt_1,945,English,USA,PG,60000000,2001,50,7.9,1.85,0
Color,Phil Lord,330,112,97,584,Craig Roberts,17000,191616238,Action|Comedy|Crime,Channing Tatum,22 Jump StreetÂ ,258186,19428,Amber Stevens West,2,college|drugs|hidden camera|tattoo|undercover,http://www.imdb.com/title/tt2294449/?ref_=fn_tt_tt_1,322,English,USA,R,50000000,2014,920,7.1,2.35,24000003
Color,Andrew Adamson,212,90,80,21,Chris Miller,145,267652016,Adventure|Animation|Comedy|Family|Fantasy,Kathleen Freeman,ShrekÂ ,467113,275,Bobby Block,1,donkey|fairy tale|ogre|princess|swamp,http://www.imdb.com/title/tt0126029/?ref_=fn_tt_tt_1,945,English,USA,PG,60000000,2001,50,7.9,1.85,0
Color,Phil Lord,330,112,97,584,Craig Roberts,17000,191616238,Action|Comedy|Crime,Channing Tatum,22 Jump StreetÂ ,258186,19428,Amber Stevens West,2,college|drugs|hidden camera|tattoo|undercover,http://www.imdb.com/title/tt2294449/?ref_=fn_tt_tt_1,322,English,USA,R,50000000,2014,920,7.1,2.35,24000003
Color,Ron Shelton,48,135,41,808,Cheech Marin,982,53854588,Comedy|Drama|Romance|Sport,Don Johnson,Tin CupÂ ,37911,3648,Rene Russo,0,driving range|golf|golfer|tournament|winnebago,http://www.imdb.com/title/tt0117918/?ref_=fn_tt_tt_1,73,English,USA,R,45000000,1996,843,6.3,2.35,1000
ooper,488,158,0,11000,Eddie Redmayne,20000,148775460,Drama|Musical|Romance,Hugh Jackman,Les MisÃ©rablesÂ ,243834,46204,Anne Hathaway,1,barricade|innkeeper|parole|rebellion|student,http://www.imdb.com/title/tt1707386/?ref_=fn_tt_tt_1,845,English,USA,PG-13,61000000,2012,13000,7.6,1.85,144000
Color,Tom Hooper,488,158,0,11000,Eddie Redmayne,20000,148775460,Drama|Musical|Romance,Hugh Jackman,Les MisÃ©rablesÂ ,243834,46204,Anne Hathaway,1,barricade|innkeeper|parole|rebellion|student,http://www.imdb.com/title/tt1707386/?ref_=fn_tt_tt_1,845,English,USA,PG-13,61000000,2012,13000,7.6,1.85,144000
Color,Guy Ritchie,362,116,0,104,Elizabeth Debicki,15000,45434443,Action|Adventure|Comedy,Henry Cavill,The Man from U.N.C.L.E.åÊ,175960,15735,Christian Berkel,2,box office flop|cia agent|criminal organization|kgb agent|nuclear bomb,http://www.imdb.com/title/tt1638355/?ref_=fn_tt_tt_1,360,English,USA,PG-13,75000000,2015,509,7.3,2.35,43000
Color,Jay Duplass,182,83,157,581,Evan Ross,2000,4244155,Comedy|Drama,Judy Greer,"Jeff, Who Lives at HomeÂ ",56005,3374,Rae Dawn Chong,5,basement|errand|secret admirer|slacker|wrong number,http://www.imdb.com/title/tt1588334/?ref_=fn_tt_tt_1,112,English,USA,R,10000000,2011,616,6.5,1.85
Color,Jean-Jacques Annaud,62,100,218,91,Everett McGill,581,,Adventure|Drama|History,Rae Dawn Chong,Quest for FireÂ ,16281,931,Gary Schwartz,0,fire|prehistoric times|primitive|tribe|trio,http://www.imdb.com/title/tt0082484/?ref_=fn_tt_tt_1,96,None,Canada,R,12500000,1981,201,7.4,2.35,0
Color,Michael Hoffman,83,109,97,355,Embeth Davidtz,13000,14060950,Drama,Gabriel Millman,The Emperor's ClubÂ ,14354,14347,Rob Morrow,1,classroom|fund raising|headmaster|reunion|roman,http://www.imdb.com/title/tt0283530/?ref_=fn_tt_tt_1,139,English,USA,PG-13,12500000,2002,795,6.9,1.85,0
Color,George Hickenlooper,117,108,60,168,Eric Schweig,18000,1039869,Biography|Comedy|Crime|Drama,Kevin Spacey,Casino JackÂ ,14757,18739,Christian Campbell,5,corruption|lobbyist|murder|washington d.c.|washington d.c. lobbyist,http://www.imdb.com/title/tt1194417/?ref_=fn_tt_tt_1,51,English,Canada,R,15000000,2010,322,6.2,2.35,085
2012,826,7.4,2.35,71000
Color,David Schwimmer,168,100,0,231,Iddo Goldberg,427,5998971,Comedy|Romance|Sport,Dylan Moran,"Run, Fatboy, RunÂ ",58509,1022,India de Beaufort,0,blister|gym|marathon|training|wedding,http://www.imdb.com/title/tt0425413/?ref_=fn_tt_tt_1,143,English,UK,PG-13,,2007,269,6.6
Color,David Schwimmer,168,100,0,231,Iddo Goldberg,427,5998971,Comedy|Romance|Sport,Dylan Moran,"Run, Fatboy, RunÂ ",58509,1022,India de Beaufort,0,blister|gym|marathon|training|wedding,http://www.imdb.com/title/tt0425413/?ref_=fn_tt_tt_1,143,English,UK,PG-13,,2007,269,6.6
Color,Nora Ephron,153,119,0,744,Jean Stapleton,15000,115731542,Comedy|Drama|Romance,Tom Hanks,You've Got MailÂ ,151812,17768,Dave Chappelle,2,bookstore|competing businesses|instant messaging|new york city|shop owner,http://www.imdb.com/title/tt0128853/?ref_=fn_tt_tt_1,556,English,USA,PG,65000000,1998,793,6.5,1.85,06
612
Color,Jerry Jameson,32,119,5,249,Jason Robards,521,7000000,Action|Adventure|Drama|Thriller,M. Emmet Walsh,Raise the TitanicÂ ,2933,1883,Anne Archer,0,military|mineral|ocean|ship|titanic,http://www.imdb.com/title/tt0081400/?ref_=fn_tt_tt_1,70,English,UK,PG,36000000,1980,372,4.7,2.35,328
 Black and White,Stephen Chow,246,85,0,51,Karen Mok,478,488872,Action|Comedy|Sport,Wei Zhao,Shaolin SoccerÂ ,56923,700,Kwok-Kwan Chan,2,cult film|kung fu|martial arts|shaolin|soccer,http://www.imdb.com/title/tt0286112/?ref_=fn_tt_tt_1,243,Cantonese,Hong Kong,PG,10000000,2001,83,7.3,1.85,0
Color,Chris Weitz,299,130,129,12000,Kristen Stewart,21000,296623634,Adventure|Drama|Fantasy|Romance,Robert Pattinson,The Twilight Saga: New MoonÂ ,220758,64040,Taylor Lautner,2,forks washington|protecting a woman|title same as book|vampire|werewolf,http://www.imdb.com/title/tt1259571/?ref_=fn_tt_tt_1,919,English,USA,PG-13,50000000,2009,17000,4.6,2.35,13000
Color,Cameron Crowe,109,139,488,597,Kelly Preston,10000,153620822,Comedy|Drama|Romance|Sport,Tom Cruise,Jerry MaguireÂ ,189923,12182,Bonnie Hunt,0,agent|career|client|fiance|sports agent,http://www.imdb.com/title/tt0116695/?ref_=fn_tt_tt_1,318,English,USA,R,50000000,1996,743,7.3,1.85,0
Color,Timothy BjÃ¶rklund,33,74,0,719,Kelsey Grammer,886,6491350,Animation|Comedy|Family|Fantasy|Musical,Nathan Lane,Teacher's PetÂ ,1231,5139,Jerry Stiller,0,dog|florida|mad scientist|school|teacher,http://www.imdb.com/title/tt0350194/?ref_=fn_tt_tt_1,26,English,USA,PG,10000000,2004,808,5.8,1.85,49
 Black and White,Stephen Chow,246,85,0,51,Karen Mok,478,488872,Action|Comedy|Sport,Wei Zhao,Shaolin SoccerÂ ,56923,700,Kwok-Kwan Chan,2,cult film|kung fu|martial arts|shaolin|soccer,http://www.imdb.com/title/tt0286112/?ref_=fn_tt_tt_1,243,Cantonese,Hong Kong,PG,10000000,2001,83,7.3,1.85,0
Color,Chris Weitz,299,130,129,12000,Kristen Stewart,21000,296623634,Adventure|Drama|Fantasy|Romance,Robert Pattinson,The Twilight Saga: New MoonÂ ,220758,64040,Taylor Lautner,2,forks washington|protecting a woman|title same as book|vampire|werewolf,http://www.imdb.com/title/tt1259571/?ref_=fn_tt_tt_1,919,English,USA,PG-13,50000000,2009,17000,4.6,2.35,13000
Color,Cameron Crowe,109,139,488,597,Kelly Preston,10000,153620822,Comedy|Drama|Romance|Sport,Tom Cruise,Jerry MaguireÂ ,189923,12182,Bonnie Hunt,0,agent|career|client|fiance|sports agent,http://www.imdb.com/title/tt0116695/?ref_=fn_tt_tt_1,318,English,USA,R,50000000,1996,743,7.3,1.85,0
Color,Chris Weitz,299,130,129,12000,Kristen Stewart,21000,296623634,Adventure|Drama|Fantasy|Romance,Robert Pattinson,The Twilight Saga: New MoonÂ ,220758,64040,Taylor Lautner,2,forks washington|protecting a woman|title same as book|vampire|werewolf,http://www.imdb.com/title/tt1259571/?ref_=fn_tt_tt_1,919,English,USA,PG-13,50000000,2009,17000,4.6,2.35,13000
Color,Cameron Crowe,109,139,488,597,Kelly Preston,10000,153620822,Comedy|Drama|Romance|Sport,Tom Cruise,Jerry MaguireÂ ,189923,12182,Bonnie Hunt,0,agent|career|client|fiance|sports agent,http://www.imdb.com/title/tt0116695/?ref_=fn_tt_tt_1,318,English,USA,R,50000000,1996,743,7.3,1.85,0
Color,Denzel Washington,121,117,18000,543,Kevin Connolly,18000,21078145,Biography|Drama,Denzel Washington,Antwone FisherÂ ,26493,20456,Derek Luke,0,black american|extortion|navy|psychiatrist|sailor,http://www.imdb.com/title/tt0168786/?ref_=fn_tt_tt_1,159,English,USA,PG-13,12500000,2002,638,7.3,2.35,0
Color,Craig Gillespie,226,106,44,552,Kelli Garner,33000,5949693,Comedy|Drama|Romance,Ryan Gosling,Lars and the Real GirlÂ ,114762,34351,Paul Schneider,1,in love with an inanimate object|internet|introvert|psychologist|sex doll,http://www.imdb.com/title/tt0805564/?ref_=fn_tt_tt_1,299,English,USA,PG-13,12000000,2007,730,7.4,1.85,19000
Color,Denzel Washington,121,117,18000,543,Kevin Connolly,18000,21078145,Biography|Drama,Denzel Washington,Antwone FisherÂ ,26493,20456,Derek Luke,0,black american|extortion|navy|psychiatrist|sailor,http://www.imdb.com/title/tt0168786/?ref_=fn_tt_tt_1,159,English,USA,PG-13,12500000,2002,638,7.3,2.35,0
Color,Craig Gillespie,226,106,44,552,Kelli Garner,33000,5949693,Comedy|Drama|Romance,Ryan Gosling,Lars and the Real GirlÂ ,114762,34351,Paul Schneider,1,in love with an inanimate object|internet|introvert|psychologist|sex doll,http://www.imdb.com/title/tt0805564/?ref_=fn_tt_tt_1,299,English,USA,PG-13,12000000,2007,730,7.4,1.85,19000
,13000,62453315,Romance|Sci-Fi|Thriller,Matt Damon,The Adjustment BureauÂ ,200035,14607,Jon Stewart,2,love at first sight|obscene finger gesture|rain|teleportation|three word title,http://www.imdb.com/title/tt1385826/?ref_=fn_tt_tt_1,407,English,USA,PG-13,50200000,2011,963,7.1,1.85,36000
Color,Kevin Reynolds,67,155,58,720,Morgan Freeman,25000,165500000,Action|Adventure|Drama|Romance,Alan Rickman,Robin Hood: Prince of ThievesÂ ,145257,38518,Michael Wincott,0,balladeer|crusades|england|king|modern minstrel,http://www.imdb.com/title/tt0102798/?ref_=fn_tt_tt_1,322,English,USA,PG-13,48000000,1991,11000,6.9,1.85,0
Color,Lawrence Kasdan,175,136,759,354,Michael O'Neill,11000,33685268,Drama|Horror|Sci-Fi|Thriller,Morgan Freeman,DreamcatcherÂ ,75573,12194,Reece Thompson,1,alien|friend|maine|military|woods,http://www.imdb.com/title/tt0285531/?ref_=fn_tt_tt_1,662,English,USA,R,68000000,2003,599,5.5,2.35,4000
Color,Lana Wachowski,313,136,0,99,Marcus Chong,18000,171383253,Action|Sci-Fi,Keanu Reeves,The MatrixÂ ,1217752,18563,Gloria Foster,3,artificial reality|computer|matrix|questioning reality|simulated reality,http://www.imdb.com/title/tt0133093/?ref_=fn_tt_tt_1,3646,English,USA,R,63000000,1999,145,8.7,2.35,25000
Color,Ron Howard,159,140,2000,552,Miko Hughes,15000,172071312,Adventure|Drama|History,Tom Hanks,Apollo 13Â ,208817,17171,Kathleen Quinlan,0,cape kennedy|news footage|reference to christopher columbus|rocket|trapped in space,http://www.imdb.com/title/tt0112384/?ref_=fn_tt_tt_1,296,English,USA,PG,62000000,1995,968,7.6,2.35,5000
Color,Stephen Kay,102,102,19,351,Miranda Richardson,13000,14967182,Action|Crime|Drama|Thriller,Sylvester Stallone,Get CarterÂ ,27305,14463,Lauren Lee Smith,1,affair|car crash|enforcer|funeral|murder,http://www.imdb.com/title/tt0208988/?ref_=fn_tt_tt_1,284,English,USA,R,40000000,2000,530,5.1,2.35,604
Color,Wes Anderson,335,87,0,563,Meryl Streep,13000,20999103,Adventure|Animation|Comedy|Crime|Family,Bill Murray,Fantastic Mr. FoxÂ ,139114,24770,Helen McCrory,0,cider|farm|farmer|fox|tale,http://www.imdb.com/title/tt0432283/?ref_=fn_tt_tt_1,245,English,USA,PG,40000000,2009,11000,7.8,1.85,15000
Color,John Carpenter,40,99,0,402,Michael McKean,782,14358033,Comedy|Romance|Sci-Fi|Thriller,Richard Epcar,Memoirs of an Invisible ManÂ ,17365,2125,Patricia Heaton,2,accident|bar|chase|cia|laboratory,http://www.imdb.com/title/tt0104850/?ref_=fn_tt_tt_1,66,English,USA,PG-13,40000000,1992,658,5.9,2.35,630
Color,Peter Medak,30,100,34,541,Michael Wincott,10000,3275585,Action|Crime|Drama|Thriller,Gary Oldman,Romeo Is BleedingÂ ,10735,13160,Lena Olin,1,detective|police|protection|russian|sergeant,http://www.imdb.com/title/tt0107983/?ref_=fn_tt_tt_1,88,English,UK,R,11500000,1993,721,6.6,1.85,561
Color,John Waters,90,87,0,503,Melanie Griffith,975,1276984,Comedy|Crime|Thriller,Alicia Witt,Cecil B. DeMentedÂ ,11403,3059,Kevin Nealon,2,actress|drive in|female protagonist|movie star|woman shot in the forehead,http://www.imdb.com/title/tt0173716/?ref_=fn_tt_tt_1,150,English,France,R,10000000,2000,537,6.2,1.85,795
Color,Richard Kwietniowski,82,104,23,232,Minnie Driver,22000,1011054,Crime|Drama|Thriller,Philip Seymour Hoffman,Owning MahownyÂ ,10585,23513,Maury Chaykin,1,bank|bank fraud|bank manager|gambling|toronto,http://www.imdb.com/title/tt0285861/?ref_=fn_tt_tt_1,83,English,Canada,R,10000000,2003,893,7.2,2.35,0
ard,3,alternate history|alternate timeline|flatulence|future time travel|time travel comedy,http://www.imdb.com/title/tt0189192/?ref_=fn_tt_tt_1,98,English,France,PG-13,40000000,2001,248,5.8,2.35,5650
Color,Doug Lefler,90,102,4,112,Nonso Anozie,14000,5932060,Action|Adventure|Fantasy|War,Colin Firth,The Last LegionÂ ,29285,14625,Owen Teale,0,5th century|boy|capri|roman legion|soldier,http://www.imdb.com/title/tt0462396/?ref_=fn_tt_tt_1,174,English,UK,PG-13,35000000,2007,394,5.4,2.35,0
Color,Kar-Wai Wong,192,95,0,20,Norah Jones,20000,866778,Drama|Romance,Natalie Portman,My Blueberry NightsÂ ,44208,20364,Adriane Lenox,3,blueberry pie|diner|nevada|new york city|pie,http://www.imdb.com/title/tt0765120/?ref_=fn_tt_tt_1,117,English,Hong Kong,PG-13,10000000,2007,329,6.7,2.35,0
Color,Doug Lefler,90,102,4,112,Nonso Anozie,14000,5932060,Action|Adventure|Fantasy|War,Colin Firth,The Last LegionÂ ,29285,14625,Owen Teale,0,5th century|boy|capri|roman legion|soldier,http://www.imdb.com/title/tt0462396/?ref_=fn_tt_tt_1,174,English,UK,PG-13,35000000,2007,394,5.4,2.35,0
Color,Charles Shyer,135,103,14,624,Nia Long,865,13395939,Comedy|Drama|Romance,Omar Epps,AlfieÂ ,43442,3639,Jane Krakowski,4,best friend|commitment|friend|limousine driver|one night stand,http://www.imdb.com/title/tt0375173/?ref_=fn_tt_tt_1,146,English,UK,R,60000000,2004,826,6.2,1.85,0
Color,Kar-Wai Wong,192,95,0,20,Norah Jones,20000,866778,Drama|Romance,Natalie Portman,My Blueberry NightsÂ ,44208,20364,Adriane Lenox,3,blueberry pie|diner|nevada|new york city|pie,http://www.imdb.com/title/tt0765120/?ref_=fn_tt_tt_1,117,English,Hong Kong,PG-13,10000000,2007,329,6.7,2.35,0
Color,Michael Winterbottom,225,109,187,204,Ned Beatty,818,214966,Crime|Drama|Thriller,Liam Aiken,The Killer Inside MeÂ ,28483,1813,Jay R. Ferguson,0,deputy|murder|revenge|sheriff|texas,http://www.imdb.com/title/tt0954947/?ref_=fn_tt_tt_1,176,English,USA,R,13000000,2010,467,6.1,2.35,0
Color,Michael Winterbottom,225,109,187,204,Ned Beatty,818,214966,Crime|Drama|Thriller,Liam Aiken,The Killer Inside MeÂ ,28483,1813,Jay R. Ferguson,0,deputy|murder|revenge|sheriff|texas,http://www.imdb.com/title/tt0954947/?ref_=fn_tt_tt_1,176,English,USA,R,13000000,2010,467,6.1,2.35,0
Color,Paul Verhoeven,196,113,719,217,Rachel Ticotin,605,119412921,Action|Sci-Fi,Ronny Cox,Total RecallÂ ,240241,1441,Marshall Bell,0,ambiguous ending|false memory|implanted memory|memory|space colony,http://www.imdb.com/title/tt0100802/?ref_=fn_tt_tt_1,391,English,USA,R,65000000,1990,308,7.5,1.85,0
Color,David Lynch,143,112,0,201,Richard Farnsworth,874,6197866,Biography|Drama,Sissy Spacek,The Straight StoryÂ ,63733,1351,Everett McGill,0,cane|iowa|lawn mower|tractor|wisconsin,http://www.imdb.com/title/tt0166896/?ref_=fn_tt_tt_1,414,English,France,G,10000000,1999,262,8.0,2.35,0
Color,Allan Arkush,19,78,13,378,Randy Quaid,753,,Comedy|Sci-Fi,Bernadette Peters,HeartbeepsÂ ,1040,2791,Christopher Guest,0,escape|fish out of water|love|robot|servant,http://www.imdb.com/title/tt0082507/?ref_=fn_tt_tt_1,31,English,USA,PG,10000000,1981,695,4.2,2.35,425
Color,Rakesh Roshan,20,168,53,45,Rekha,307,,Action|Adventure|Romance|Sci-Fi,Naseeruddin Shah,KrrishÂ ,12411,616,Sharat Saxena,0,breaking the fourth wall|breaking the fourth wall by talking to the audience|computer|mask|singapore,http://www.imdb.com/title/tt0432637/?ref_=fn_tt_tt_1,110,Hindi,India,Not Rated,10000000,2006,200,6.3,2.35,533
Color,Paul Schrader,130,93,261,697,Ruby Dee,783,,Fantasy|Horror|Thriller,Ed Begley Jr.,Cat PeopleÂ ,14193,3700,John Heard,1,cat|cat people|leopard|love|slip the undergarment,http://www.imdb.com/title/tt0083722/?ref_=fn_tt_tt_1,106,English,USA,R,18000000,1982,782,6.1,1.85,0
Color,Gillian Armstrong,28,132,44,241,Richard Roxburgh,1000,1508689,Drama|Romance,Tom Wilkinson,Oscar and LucindaÂ ,5648,2004,Clive Russell,2,australia|church|glass|inheritance|wager,http://www.imdb.com/title/tt0119843/?ref_=fn_tt_tt_1,50,English,USA,R,16000000,1997,653,6.7,2.35,329
Color,Paul Schrader,130,93,261,697,Ruby Dee,783,,Fantasy|Horror|Thriller,Ed Begley Jr.,Cat PeopleÂ ,14193,3700,John Heard,1,cat|cat people|leopard|love|slip the undergarment,http://www.imdb.com/title/tt0083722/?ref_=fn_tt_tt_1,106,English,USA,R,18000000,1982,782,6.1,1.85,0
Color,Gillian Armstrong,28,132,44,241,Richard Roxburgh,1000,1508689,Drama|Romance,Tom Wilkinson,Oscar and LucindaÂ ,5648,2004,Clive Russell,2,australia|church|glass|inheritance|wager,http://www.imdb.com/title/tt0119843/?ref_=fn_tt_tt_1,50,English,USA,R,16000000,1997,653,6.7,2.35,329
Color,Luis Llosa,38,110,49,20,Rod Steiger,13000,57362581,Action|Crime|Drama|Romance|Thriller,Sylvester Stallone,The SpecialistÂ ,50148,13331,Emilio Estefan Jr.,2,bomb|cia|explosive|explosives expert|miami florida,http://www.imdb.com/title/tt0111255/?ref_=fn_tt_tt_1,116,English,Peru,R,45000000,1994,279,5.4,1.85,0
Color,Barry Sonnenfeld,55,99,188,436,Raul Julia,1000,113502246,Comedy|Fantasy,Anjelica Huston,The Addams FamilyÂ ,96607,3696,Carel Struycken,0,accountant|loan shark|macabre|uncle|uncle fester,http://www.imdb.com/title/tt0101272/?ref_=fn_tt_tt_1,125,English,USA,PG-13,38000000,1991,1000,6.8,1.85,5000
Color,Barry Sonnenfeld,55,99,188,436,Raul Julia,1000,113502246,Comedy|Fantasy,Anjelica Huston,The Addams FamilyÂ ,96607,3696,Carel Struycken,0,accountant|loan shark|macabre|uncle|uncle fester,http://www.imdb.com/title/tt0101272/?ref_=fn_tt_tt_1,125,English,USA,PG-13,38000000,1991,1000,6.8,1.85,5000
Color,David Lynch,143,112,0,201,Richard Farnsworth,874,6197866,Biography|Drama,Sissy Spacek,The Straight StoryÂ ,63733,1351,Everett McGill,0,cane|iowa|lawn mower|tractor|wisconsin,http://www.imdb.com/title/tt0166896/?ref_=fn_tt_tt_1,414,English,France,G,10000000,1999,262,8.0,2.35,0
Color,Allan Arkush,19,78,13,378,Randy Quaid,753,,Comedy|Sci-Fi,Bernadette Peters,HeartbeepsÂ ,1040,2791,Christopher Guest,0,escape|fish out of water|love|robot|servant,http://www.imdb.com/title/tt0082507/?ref_=fn_tt_tt_1,31,English,USA,PG,10000000,1981,695,4.2,2.35,425
Color,Barry Sonnenfeld,55,99,188,436,Raul Julia,1000,113502246,Comedy|Fantasy,Anjelica Huston,The Addams FamilyÂ ,96607,3696,Carel Struycken,0,accountant|loan shark|macabre|uncle|uncle fester,http://www.imdb.com/title/tt0101272/?ref_=fn_tt_tt_1,125,English,USA,PG-13,38000000,1991,1000,6.8,1.85,5000
Color,David O. Russell,539,122,737,14000,Robert De Niro,34000,132088910,Comedy|Drama|Romance,Jennifer Lawrence,Silver Linings PlaybookÂ ,533607,72115,Bradley Cooper,0,adulterous wife|bipolar disorder|obsessive compulsive personality disorder|unhappy marriage|widow,http://www.imdb.com/title/tt1045658/?ref_=fn_tt_tt_1,692,English,USA,R,21000000,2012,22000,7.8,2.35,117000s
n,SoldieråÊ,44248,2542,Jason Scott Lee,1,crash survivor|planet|sergeant|soldier|survivor,http://www.imdb.com/title/tt0120157/?ref_=fn_tt_tt_1,373,English,UK,R,75000000,1998,722,6,2.35,0
 Black and White,Rawson Marshall Thurber,191,92,43,936,Stephen Root,989,114324072,Comedy|Sport,Gary Cole,Dodgeball: A True Underdog StoryÂ ,185338,4730,Joel David Moore,0,dodgeball|gym|las vegas|pirate|ups,http://www.imdb.com/title/tt0364725/?ref_=fn_tt_tt_1,392,English,USA,PG-13,20000000,2004,939,6.7,2.35,0
Color,Clint Eastwood,229,138,16000,262,Spencer Treat Clark,616,90135191,Crime|Drama|Mystery|Thriller,John Doman,Mystic RiverÂ ,338415,1942,Tom Guiry,0,ballistics|detective|friend|gun|sexual abuse,http://www.imdb.com/title/tt0327056/?ref_=fn_tt_tt_1,935,English,USA,R,25000000,2003,541,8.0,2.35,12000
 Black and White,Rawson Marshall Thurber,191,92,43,936,Stephen Root,989,114324072,Comedy|Sport,Gary Cole,Dodgeball: A True Underdog StoryÂ ,185338,4730,Joel David Moore,0,dodgeball|gym|las vegas|pirate|ups,http://www.imdb.com/title/tt0364725/?ref_=fn_tt_tt_1,392,English,USA,PG-13,20000000,2004,939,6.7,2.35,0
Color,Clint Eastwood,229,138,16000,262,Spencer Treat Clark,616,90135191,Crime|Drama|Mystery|Thriller,John Doman,Mystic RiverÂ ,338415,1942,Tom Guiry,0,ballistics|detective|friend|gun|sexual abuse,http://www.imdb.com/title/tt0327056/?ref_=fn_tt_tt_1,935,English,USA,R,25000000,2003,541,8.0,2.35,12000
Color,Scott Cooper,288,116,108,120,Sam Shepard,23000,11326836,Crime|Drama|Thriller,Christian Bale,Out of the FurnaceÂ ,83171,24134,Dendrie Taylor,0,ambiguous ending|brother brother relationship|drug dealer|fight club|revenge,http://www.imdb.com/title/tt1206543/?ref_=fn_tt_tt_1,231,English,USA,R,22000000,2013,820,6.8,2.35,17000
Color,Mark Pellington,155,117,89,442,Spencer Treat Clark,12000,24362501,Crime|Drama|Thriller,Jeff Bridges,Arlington RoadÂ ,69980,13576,Hope Davis,1,death|fbi|fbi agent|neighbor|professor,http://www.imdb.com/title/tt0137363/?ref_=fn_tt_tt_1,591,English,USA,R,21500000,1999,541,7.2,2.35,0
Color,Chris Wedge,193,103,77,835,Stephen Root,1000,176387405,Adventure|Animation|Comedy|Family,Goran Visnjic,Ice AgeÂ ,328159,5437,Denis Leary,0,baby|ice|ice age|sleeping|sloth,http://www.imdb.com/title/tt0268380/?ref_=fn_tt_tt_1,467,English,USA,PG,59000000,2002,939,7.6,1.85,3000
Color,Paul Weitz,157,109,80,835,Salma Hayek,14000,13838130,Action|Adventure|Fantasy|Thriller,Josh Hutcherson,Cirque du Freak: The Vampire's AssistantÂ ,35990,20503,Patrick Fugit,3,antidote|based on young adult novel|flyer|spider|vampire,http://www.imdb.com/title/tt0450405/?ref_=fn_tt_tt_1,157,English,USA,PG-13,40000000,2009,4000,5.9,2.35,0
Color,Paul McGuigan,159,110,118,287,Spencer Wilding,11000,5773519,Drama|Horror|Sci-Fi|Thriller,Daniel Radcliffe,Victor FrankensteinÂ ,28618,12876,Daniel Mays,2,assistant|experiment|frankenstein|medical student|scientist,http://www.imdb.com/title/tt1976009/?ref_=fn_tt_tt_1,91,English,USA,PG-13,40000000,2015,1000,6.0,2.35,11000
Color,Malcolm D. Lee,88,100,92,706,Sean Hayes,1000,12081447,Comedy|Drama|Music,Bernie Mac,Soul MenÂ ,7794,4103,Mike Epps,2,band|masturbation|reunion|singer|tribute,http://www.imdb.com/title/tt1111948/?ref_=fn_tt_tt_1,25,English,USA,R,,2008,760,6.5,2.35,866
ontana|horseback riding|overalls,http://www.imdb.com/title/tt1114677/?ref_=fn_tt_tt_1,140,English,USA,G,30000000,2009,1000,4.2,1.85,0542
Color,Peter Chelsom,131,102,23,635,Vanessa Williams,1000,79566871,Comedy|Drama|Family|Music|Romance,Emily Osment,Hannah Montana: The MovieÂ ,31760,4516,Moises Arias,2,farm|female protagonist|hannah montana|horseback riding|overalls,http://www.imdb.com/title/tt1114677/?ref_=fn_tt_tt_1,140,English,USA,G,30000000,2009,1000,4.2,1.85,0542
Color,Steven Spielberg,219,169,14000,13000,Vin Diesel,15000,216119491,Action|Drama|War,Tom Hanks,Saving Private RyanÂ ,881236,44998,Matt Damon,2,army|invasion|killed in action|normandy|soldier,http://www.imdb.com/title/tt0120815/?ref_=fn_tt_tt_1,2277,English,USA,R,70000000,1998,14000,8.6,1.85,22000
Color,Steve Oedekerk,98,90,176,523,Wanda Sykes,677,72601713,Animation|Comedy|Family,Rob Paulsen,BarnyardÂ ,21396,2055,Maurice LaMarche,1,cow|farmer|howl|howling at the moon|vegetarian,http://www.imdb.com/title/tt0414853/?ref_=fn_tt_tt_1,155,English,Germany,PG,51000000,2006,560,5.6,1.85,605
Color,Adam McKay,272,143,285,7000,Will Ferrell,11000,2175312,Comedy,Harrison Ford,Anchorman 2: The Legend ContinuesÂ ,131227,28176,Steve Carell,2,fame|father son relationship|interracial kiss|interracial relationship|interracial sex,http://www.imdb.com/title/tt1229340/?ref_=fn_tt_tt_1,346,English,USA,PG-13,50000000,2013,8000,6.3,2.35,41000
Color,Elaine May,49,107,124,572,Warren Beatty,636,14375181,Action|Adventure|Comedy|Music|Thriller,Carol Kane,IshtarÂ ,8692,3374,Isabelle Adjani,2,cia|emir|hotel|map|morocco,http://www.imdb.com/title/tt0093278/?ref_=fn_tt_tt_1,126,English,USA,PG-13,51000000,1987,631,4.2,1.85,754
Color,Luca Guadagnino,181,120,64,72,Waris Ahluwalia,144,5004648,Drama|Romance,Flavio Parenti,I Am LoveÂ ,14031,474,Alba Rohrwacher,1,chef|friend|italy|restaurant|russian,http://www.imdb.com/title/tt1226236/?ref_=fn_tt_tt_1,114,Italian,Italy,R,10000000,2009,110,7.0,1.85,0
